Customer ID,Customer Name,Account Number,Date Of Purchase,Customer Address,Transaction Values
19c854f50892d0431608dba01bb3c1b946fd,Inez Tatlock,764390224,04/07/2018,1 Rusk Place,£19.37
cfd5543e0931904ed1098cd051ff72d801ca,Toby Courtes,6362904792,08/08/2018,169 Carberry Place,£83.81
9b5ac8300b0b9042c009935096cb55678418,Yule Crinson,758920001,10/01/2018,2207 Crest Line Drive,£62.34
a68f9e3e0690f0480208cb70699c167fad77,Muriel Greenside,764390260,08/12/2018,3823 Claremont Parkway,£63.49
0f4d58e009e51045fa097b5043703c737e6f,Lynette Stener,3707025,4/30/2018,995 Clemons Crossing,£28.97
4bb6ac4d0300c04ad00ac740e954f57037c0,Kissie Eggar,5139306889,7/27/2018,5 Autumn Leaf Trail,£96.66
86f557680323e04d7c088ab025ac3bb1fd45,Peta Wickliffe,6859906110,9/18/2018,1878 Graceland Hill,£64.13
fed973c408c19049f30919b0ea7dd9507502,Renate Braferton,301420817,8/17/2018,4 Eagle Crest Trail,£67.67
8ee8c76c03a06049b0098b00a9db6f89f5a4,Federica Bulter,7800314,11/16/2018,2 Village Terrace,£84.25
86fdb58504b3a044840807c02e7e809de796,Erena Barkley,499990016,11/10/2018,6839 Holmberg Street,£78.17
67ea0d1d00d1f0445d0afe70788159d5b666,Chickie Gowler,36300346,07/07/2018,5 Forest Dale Avenue,£93.04
3e9a11b7081de04a580b63a0c62330e21e83,Rob Leeb,4895108159,9/15/2018,349 Bowman Crossing,£41.13
3daabb8304f040411d0808d0cfdf41fe425f,Fred Rain,3698701379,6/13/2018,98 Roxbury Alley,£71.57
47fbb56b04cae046fa0a271011fc78bcbf1a,Vivienne MacGebenay,5906201210,6/28/2018,998 Warrior Point,£98.86
e322296101d4c041a90ae2c01c4be3d62e0c,Madlen Rosenblad,333440002,04/06/2018,1 Mariners Cove Pass,£28.89
488820ab01730043740a8d301c382c3f89f4,Montgomery Reilly,6734500702,3/24/2018,3215 Bayside Park,£71.74
1fca22700c03a04f480bbf40bd3f28d133d8,Fredrick Rolse,663360002,4/21/2018,77768 Lindbergh Street,£58.95
eaf493e10d53204cd70a1a304bdfc94d86df,Kerr O'Bradain,26806302,02/06/2019,0 Memorial Parkway,£12.01
e1845b3502da30409408dc00dbf28f541aa6,Dore Gjerde,4928800862,8/13/2018,8002 Anzinger Road,£48.00
64a697cc06393044f50966c0b30c7ce24b29,North Duplock,370000601,9/16/2018,626 Burrows Drive,£97.29
3fcdf082035bc04b5f0bf1f0fcc1305dcb10,Alfreda Methley,37804145,12/28/2018,9 Debs Trail,£82.18
a294a1f9059e504d0d09fc3051109b7b70ca,Terrel Anstey,5811809894,1/18/2019,7 Holmberg Place,£92.68
07d7f332047f9042950a0ab026e55c9f4fe1,Ozzy Gasnoll,5486800061,4/13/2018,8 Stone Corner Point,£82.81
1df66d1c076f704ab50a84806e3ca47a7c2a,Sephira Ffrench,6878800012,07/09/2018,676 Tennyson Crossing,£32.25
f894e56d0ca2d045270ac3e053961d8090a8,Myra Cleobury,476820819,11/21/2018,2991 Kipling Road,£89.41
9eaeb130045a604aa00b6ae0a6ff65df3c70,Raina Burgne,51709120,12/05/2018,92259 Pankratz Junction,£16.70
83bac32e07372042620a17c07f291ed63503,Ronnie Pittock,36300126,4/25/2018,2 Lunder Court,£48.58
40fbb56c0dd3e0423309f94039a1969c4ee9,Annie Collecott,6050502554,7/20/2018,9 Talisman Terrace,£55.06
7600baa00061404bff084780eb19df4e4076,Ronna McGennis,680840683,6/18/2018,166 Muir Way,£41.01
6d35e557084300422f0a0900e15f9273257c,Chlo Owbridge,518080203,08/02/2018,660 Glacier Hill Pass,£45.47
ebe3ef860dc0d04eac0824c0ee6323f8725c,Aurora Weston,433190020,05/06/2018,94970 Fairfield Pass,£79.84
d0e8ffee037cb044c608385047a562eb13bd,Bernette Pettingill,620370577,1/26/2019,12580 Scofield Road,£63.59
a4c3e48c02ba004f5e085e10773aedf12069,Myrna Lortz,6878809675,06/10/2018,700 Valley Edge Center,£84.13
913271c60d32004a220a2e206bac3568985e,Eolanda Prigmore,981320720,3/28/2018,276 Haas Alley,£62.14
82cf8c840624b0457b093420a856a099e3a7,Dorisa Laverock,5795501260,10/08/2018,09 Twin Pines Avenue,£15.87
694ab3be088b10442f0a5d60d3c27708e7bc,Zolly Vesque,3698702499,10/19/2018,0638 Anderson Parkway,£82.73
c6d2255d09e39040b40a0be07689ddb9e918,Walliw Kimber,531850001,9/20/2018,6301 Glendale Hill,£82.90
31581bb80023a049150bb4108f488a0c9c56,Zsazsa Anderton,5265400001,10/29/2018,10492 Schiller Center,£86.29
b23e46a2021d40467d081db06599041e5e49,Willem Avo,659230831,5/18/2018,378 Bluestem Parkway,£59.73
619685340a44e04bbf09e840e0046d73d34b,Sandye Gilyatt,521250608,03/02/2019,3781 Mitchell Parkway,£10.32
91524d760a0020443f0a82306f4693b0f8a4,Lucias Barwell,507570250,04/06/2018,9 Gulseth Crossing,£93.74
48057ece006c20434c0abd804b8ac4793cc0,Marlee Ciciura,216950677,12/30/2018,71604 Warrior Plaza,£94.23
1a385c970c5890444209ca004a0a7bf032f6,Ardyce Grigorio,3698701215,7/22/2018,9 Bonner Pass,£45.49
87ffcd2707bf704efb081f9095b6b181cf63,George Olyfant,5515405099,5/20/2018,47858 Amoth Crossing,£84.28
872eb8bd0774504a560845f0b5c795a42fe7,Puff Kidney,497380294,11/15/2018,98800 Golden Leaf Road,£56.04
6bb1f2580faf904afc09606053f45f1dce44,Marnie Paradine,139250508,04/08/2018,99 Riverside Plaza,£88.38
d090879e02a8104d300bf950c7db5de0e1ec,Eb Malan,5752000646,2/16/2019,4 Anthes Pass,£56.04
62b0089f0cf9c04015090c300f55598c636e,Ashbey Floch,26801348,05/01/2018,46 Twin Pines Junction,£85.99
d2eb75950372a04958086600e8b56f0ef14c,Gaspar Izatson,597790083,12/30/2018,858 Glendale Park,£58.10
c1af8f0d00cbb0449409f090c49268cf6f60,Dora Neads,70309258,9/30/2018,054 Mayer Court,£94.86
5d3a19160ea77043d10aa4907a13504d4f6f,Therine Mishow,553190143,11/20/2018,1 Kingsford Plaza,£81.61
9909b4cb053ea042e6094770405692744e75,Evangelina Kite,49600829,2/28/2019,77606 Hansons Center,£84.66
a376976a08f5804f5a0b6cf0e4a772dd0e20,Savina Simper,26800037,10/22/2018,2 Village Way,£12.18
3f92b9f409d1c0402c088210cd8b3d8f1635,Kristopher Flemming,6874502008,9/27/2018,32 Emmet Drive,£67.77
27291c740f4e7049410800e059867da81d74,Gerek Creamen,526860273,12/15/2018,37 Barnett Lane,£73.37
3fb0a4d40ff940467e09f3d000b37dd3fd6b,Paola Buston,5486806303,06/09/2018,2770 Tomscot Court,£40.55
1478450e0368a040d90a9de057eef175ec3f,Brenda Durand,167290035,10/19/2018,95001 School Crossing,£46.60
630c1652064140473b08919001a411f7009f,Goldie Ingarfield,5515402023,06/07/2018,50076 Shasta Place,£77.34
a4e7eb0200e68049ce08aed0678fa2fb83b4,Zenia Quantick,518080223,04/05/2018,60 Shoshone Way,£43.25
5f6cfb520d65904b030aaf00f5ae7d8179ed,Tymon Kief,760450003,3/28/2018,2740 Shopko Alley,£13.91
6b64961a0e5f904b840b4cf0474e5a1c9842,Kerstin Paraman,9307304,02/07/2019,58 Packers Plaza,£47.92
9b1fc11a026da043fa0b325098120dded655,Sharl Fowls,6068101102,6/16/2018,7577 Darwin Junction,£44.11
17ed03060fbdb04bfd09f600a31203f9c4c2,Jonie Elcocks,525840286,5/17/2018,876 Prentice Way,£64.82
6cbc6738017c3041830804900a9934b7a98f,Tonie Peres,1074208271,09/10/2018,086 Bobwhite Court,£60.12
7c04e45f0101004016096be06298faa2bb8f,Edgar Sagerson,6068105501,08/03/2018,0 Coolidge Drive,£17.57
ff7dacbd08819046a60826505305d756e1e7,Karlie Chettle,5486802200,05/08/2018,37 Porter Street,£61.07
476200410792e0479108e8d09a62c7fa83ea,Delmer Doncaster,508440403,11/28/2018,57 Stone Corner Parkway,£56.33
d220bf340ec38043a8086b9023abdabcf5e7,Holden Eastcott,680840480,10/30/2018,1 Merchant Street,£37.86
340916060cd100413a08e470962b2533e881,Noak Yurchishin,626720608,9/24/2018,872 Gulseth Alley,£47.19
0ced57530111d04e370a304081a7f9e5a4b2,Kellie Lamplough,5515405492,9/19/2018,7 Monterey Avenue,£47.00
0671b00a0d32104a0b09bfe04d285e37ff30,Janos Justice,525840795,09/08/2018,1 Vidon Lane,£17.45
1184d7470db23042280836008b53779f8cf3,Lev McIlharga,493480083,04/08/2018,92446 Gale Hill,£27.50
ba57080f0932d0454f0a35f037ebfb188943,Gino Oldred,411630620,01/02/2019,3482 Coleman Way,£79.05
9d8933340539c04d1b08c240c8e647e5f680,Elicia Withull,37804024,1/13/2019,81391 Waxwing Plaza,£55.96
54b009c50477604263093a10ea65d07c6c3c,Cherish Tims,1081905004,6/15/2018,6211 Holy Cross Circle,£91.06
36658b97011be04953096090e6d0b6217044,Phillie Eddis,4385700139,3/28/2018,86836 Harper Avenue,£23.03
2551cdc80595304803084990a4c195016695,Shirlee Labbet,6051200011,1/18/2019,31 Florence Hill,£37.04
3473e5a403f0604630086a90dc7d89caafee,Harmony Wince,116730008,06/05/2018,872 Mariners Cove Junction,£41.46
47e590910c7700442f084f700cf956368d06,Darrelle Readitt,551110167,08/12/2018,09 Morning Terrace,£30.75
9a4e244b00812045620ad5b01b67ffb3e945,Thelma Tanser,675440474,8/19/2018,0307 Carberry Crossing,£40.10
ca1b9350005c204d2c082f20704f79dc10e1,Rube Howden,57300150,3/22/2018,8618 Anhalt Trail,£93.46
aa970cb70944e04de70acb0009ea8f55c086,Angelico Stichel,651620506,01/09/2019,92 Blaine Park,£50.35
ae9875d307058041e8099e9030371a997acc,Caprice Vaszoly,69907041,12/05/2018,574 Bunting Center,£98.67
df5a61220abea0428109b9a01dc3810a0b81,Spencer Wade,90407695,02/01/2019,5 Bluejay Parkway,£47.05
2cadb43d0ac1604fcc08b070fda2ba9a5b3e,Abey Rathbourne,26801409,8/28/2018,783 Swallow Avenue,£61.50
a9196f050e3b8043a10a27d0e98395a732f8,Dukie Avory,526850367,4/27/2018,419 Eastwood Terrace,£79.59
675ff1b405bfe0439a093f701c6d528118b4,Ollie Spreadbury,90406016,8/19/2018,62020 Cottonwood Hill,£24.64
b4496d5207f93041ea0918707ffa813b4ca4,Bartram Gladwish,5571404628,11/06/2018,3 Union Court,£77.58
9fbc9ad50801e04a8208f0308abc1980d6d9,Atlante Clousley,425070597,12/08/2018,7942 Loeprich Place,£11.29
ed40c80a06d5904c450817b090ec34934d28,Shanon Collar,499990028,10/10/2018,3938 Hauk Alley,£63.14
6f977eb70386b045a408c4407f9e9912b1b4,Monti Folcarelli,5515400746,9/19/2018,90657 Merchant Lane,£54.76
cda46c930b50f04c090b49f03f51c9ccaca1,Felicio MacGiffin,3464503008,07/11/2018,5 Kennedy Drive,£38.14
4ad1a8ac06fff0415009e6d00930ea485af5,Dame Hurdiss,6825804987,04/01/2018,88136 Iowa Center,£52.97
b689009f0b477047d10954e0ef5be2a4cfd6,Cordy Canadine,658620420,9/21/2018,32 Westerfield Parkway,£69.97
f825ae360e750049a00a641098dd68b48565,Sadella Muckley,4601106,10/19/2018,68 American Plaza,£93.56
b1f70dab0bf6d040340a17703edc92c1b5cd,Magdalene Roubert,37804261,10/11/2018,78110 Elka Avenue,£28.30
4bee79c403872041e709a8c0b75688f73742,Atlante Shuttlewood,17900033,08/04/2018,11960 Ryan Court,£61.89
1e95c96c0015404557086c20b19e14d89c10,Tamara Winborn,490350565,6/16/2018,6093 Crownhardt Junction,£57.76
516bf1880c29b04e7b0af86097ff25a59107,Fredric Vivian,680940316,7/28/2018,09 Vera Plaza,£57.58
091fd30b03943047db0996a0225bd60e63cd,Archibold Ellyatt,4491100093,12/31/2018,9 Schiller Way,£54.50
4996b44d0477404e5d0bea10ea1e5ce1c288,Alejandro Bingle,525330056,4/28/2018,5 Susan Circle,£19.73
3a2351400535004c9b09ed00bd1b9e7d996c,Traver Epilet,508440732,9/29/2018,241 Russell Trail,£43.56
b2c6185200b58048bd090fe0dac7b169745d,Patricio Friary,5515407811,6/23/2018,9461 4th Road,£83.82
8946becb0336f04d85097c102f6aa8c95415,Ingra Muggleston,510600034,11/04/2018,43397 Acker Alley,£97.55
5b36604900b47047010ae7d0dc77159e8c94,Hew Fawlks,4921500001,04/06/2018,07 Lake View Hill,£97.76
94553d8602c58046d70ad6c0a56c44ace8ec,Lora Bulbeck,6504400545,01/03/2019,48859 Kennedy Place,£77.91
464efdbe06a1a040120bfd202c8f942729ce,Lannie Fominov,633040588,2/21/2019,131 Spohn Court,£21.65
143af5e808c8c04d2c0b0ef03e5a19e3a8e7,Norrie Caton,596400113,10/28/2018,7086 Sycamore Alley,£29.96
75886e680c88004f17093dc04216b69f7739,Floris Moyer,411630302,5/14/2018,7 Di Loreto Avenue,£31.94
e3628aa6078e404296082450c702ee149682,Philippa McIlvenny,604290725,09/04/2018,28580 Kingsford Crossing,£41.66
659d6ea40225304e040a0e4058f45e37ba12,Arie Rolph,461220207,12/24/2018,1214 Reinke Center,£41.19
a36db4570830e041bd083590510f2538c8d4,Lona Zuanelli,5486806211,11/24/2018,595 Ilene Way,£20.59
4599348d0e7c804f2f08f220f5c2a85fab58,Henry Parsisson,118190305,11/21/2018,458 Sommers Drive,£36.26
817282a002ae004e180a22303dfd1acd1a6d,Berry Gransden,61507773,09/04/2018,2885 Mendota Point,£18.81
18650cba06b080483e0a8e0099d8862c54d5,Dave Polack,3698702553,4/20/2018,10 Hallows Point,£44.23
1927c9030ad9704b670a9b50c1a99491b9a2,Stern Sagerson,428650100,04/12/2018,33767 Sommers Trail,£14.56
892b5cf403af104cbe099c2032a8dd891eb7,Rip Tomson,6201100133,2/15/2019,296 Blackbird Place,£93.77
455aca3c0c4c0049360ba750f478185c1745,Kary Bilverstone,505630201,08/12/2018,21 Messerschmidt Way,£89.24
b30d18fb0c27f04609093d60c9611f17c867,Kenneth Henkens,655850509,4/22/2018,6 Hermina Circle,£63.64
5e7911290a88b04dd209e49099fda1b97796,Debera Physick,6365301332,2/18/2019,35696 Eastlawn Hill,£79.31
d7c46d620849704c540af5f08dd528cda3b9,Jourdan Crayk,126340944,07/08/2018,123 Stephen Point,£74.01
3f32ba7a09378041110a49806aa28580faf3,Eleonore Norley,170890420,7/21/2018,06806 American Ash Terrace,£16.22
8082beb00b485045f3092e1004038942bffd,Sollie Tupp,301420160,05/09/2018,81930 Center Street,£56.19
d7bca9350de33046aa0988f0d6f295d42de5,Nevsa Cullingworth,106780001,4/24/2018,29397 Charing Cross Park,£12.96
dc6416890a65104471087530205960e664c8,Cammie Benneton,646610811,04/05/2018,74 Forest Run Park,£77.31
65a1164a0e38d045e508fb90c2fd77c28ab1,Tally Robke,499990799,6/25/2018,67314 Derek Park,£73.95
714f1fa60aba70481c092d9061fc165e5a6d,Kalli Ellard,332610448,03/11/2018,7889 Boyd Court,£80.31
3ab118e1057e704f090be260b8113d7c9aa2,Dar Kuhnke,551110165,7/27/2018,44624 Fuller Junction,£85.07
495787d20dc3c0408a093970e0de042caed4,Sibilla Bastable,459450155,10/31/2018,2055 Merry Court,£97.64
0ef9b29203b7c04cf50a5220299fa0a8fe95,Olivier Metheringham,466720053,6/25/2018,459 Crescent Oaks Alley,£32.01
e7fc24d50717e04ad80afea085b90b0dd659,Terra Verbrugge,518240422,5/30/2018,8063 Straubel Plaza,£33.85
3f167b54032090422c0a37505623b3765fc8,Rowena Megany,6878809717,02/04/2019,4563 Jay Drive,£83.73
c606be570424304d6c088dd0a3b13b9d769d,Shaina Henden,55500882,05/12/2018,5654 Talmadge Parkway,£90.91
7ab967a3085d804dde0902f07aa100438c15,Gilburt Saggs,165710012,9/19/2018,0231 Leroy Center,£34.52
d0cc5e0d0632904bf70afdd0a700b682b61a,Martie Klos,684720072,11/16/2018,83414 Kim Road,£98.58
f8cd63c7063d1048d309c89036503be3ba84,Madeleine Seeger,992070271,07/09/2018,87 Clarendon Place,£28.97
0c1507560d401048b309e10070c07e15b0b2,Rory Ounsworth,503820010,12/24/2018,01 Warner Pass,£70.30
f474c9ee0000004f2e08ad90e5233e5c9f03,Belia Wilsee,5273107051,3/28/2018,858 Pennsylvania Street,£92.91
14907eac00d7704bf8081b30c180270082d7,Magdalen Trouncer,26801372,08/07/2018,884 Straubel Alley,£82.30
78fe1eea051c60441e099850d35232567c89,Auguste Torns,513460246,2/22/2019,58 Ronald Regan Point,£92.15
f5a8d09c05c990407c0a4730272a734dab0c,Osborne Runcieman,613830201,3/29/2018,92 Laurel Court,£79.11
0c26b27c0eb3d0446f08a33055bcb246276c,Rosemarie Jeandin,604047,04/03/2018,93 Lotheville Place,£97.19
404392dd0ef1a049ce0879d0b1080df9a4bd,Jemimah Segge,106310206,05/07/2018,723 Waxwing Road,£99.15
8293dee5032d504bb3096cb06d552c39fa28,Joyous Chisholm,663360344,9/22/2018,0280 Amoth Road,£40.67
b57758c301b53044b609e950095046fecc99,Ryann Cuncarr,490350071,8/27/2018,45011 Paget Court,£53.69
9c305fa6016cb04dbf0b0400779855a505e4,Maritsa Rembrandt,522270100,09/08/2018,3 Lakewood Road,£55.36
50110055092350473809e0e00bf18af0e535,Tobe Lorden,5486805338,05/07/2018,852 Debs Junction,£16.21
a16745ee04168043c8082a20f2a2ba640aad,Yance Selman,243850546,11/19/2018,27 Tennyson Crossing,£70.34
b0e5f4c30d1e30463a092aa01f688b7403ec,Durante Lindback,493490314,08/07/2018,516 Fairview Crossing,£54.71
d53b9a2e0a6e90433d0b4340c1379945ee89,Ibrahim Lovelady,607930437,03/10/2018,72680 Fair Oaks Point,£14.31
7c474c450b5cb04eb80836b0aae5a14d20d2,Gayle Gregol,5515405681,06/04/2018,14 Golf Alley,£48.08
ae06334a08348045110958b0f46b16cbf9f8,Tyler Dennerley,552890492,2/13/2019,92304 Amoth Place,£18.09
251efebf0ee1f04b4509f8809b6b9702457b,Britt Plumb,513890113,1/31/2019,2940 Bluejay Drive,£42.62
d19bb93107bd704c7b0ab2a0ccc352c2144d,Sigismund Conigsby,370120977,10/29/2018,222 Northport Crossing,£88.39
19d5c14a0648004fb30bfdf098b378a3c235,Ambros Lorent,167290117,9/26/2018,404 Sauthoff Trail,£39.69
e4f04b150a28004ee80b49507417b24ebd06,Fina Dilliston,16800383,1/23/2019,65015 Hazelcrest Street,£83.75
93daa5cb0828504de90800d07909a66f796e,Tyrone Grubb,5752000054,03/05/2018,7 Heath Hill,£96.09
7ec1616602bd1045470be49096437a20d0e8,Suzann Chatelain,370000202,8/14/2018,3094 Johnson Road,£44.56
c7c6d5f901f1e0490409d4c052b5a72d17e1,Nettie Malzard,368000486,05/04/2018,487 Dahle Crossing,£96.84
e130d8880a4540457809fb704f3ee404d80d,Janenna MacWilliam,658410634,5/20/2018,16254 Ramsey Junction,£57.87
187a48510adaa045c1094da00926e78fee0e,Stoddard Swash,7608401001,08/08/2018,9674 Ramsey Place,£59.05
d86d94d40dab7042fa090b200c0c3f7a74ba,Darsey Dockwray,5400347,2/14/2019,50 Chive Way,£19.70
dec115c30dc80043cd0a8510a83b71fd4dc4,Keelby Lathleiff,499990789,04/01/2018,552 Atwood Lane,£91.46
38cfebf90cf9804104092c70907c5805f510,Octavius Piggot,1102602650,12/25/2018,94926 West Alley,£16.07
1dac7ec00b76e041120aa2d0e217d3d84504,Cordell Leavens,558780103,10/03/2018,0 Blaine Pass,£62.45
3d312bb40a17f04a560a5a703adb7ea7863a,Massimiliano Dodd,60303714,12/24/2018,5 Dexter Plaza,£23.19
cf25225e0c73f04c200ab1303b150f451bff,Allina Biffin,600019,5/26/2018,91388 Dottie Terrace,£85.64
7642bfa405e27043b20b25206710d469d217,Vally Guidera,4385700012,06/06/2018,32251 Chive Trail,£53.23
8c095cb70a44604eaa098a90cbb387060a9e,Lynn Coburn,126340910,09/03/2018,8 Toban Parkway,£36.88
958230140a6e604dce0a3cd0e37926b91f1f,Denny Caress,4903430,2/28/2019,78267 Vahlen Plaza,£76.93
c2505ae201225044ad0bd390369467998809,Sigmund Brane,493490822,7/29/2018,24 Rockefeller Plaza,£13.92
4192eb9402467041b5091d0095a21a49ec43,Halley McGettrick,242360633,09/11/2018,9305 Carey Parkway,£42.73
3ae82ba60ba4804a7509e1f052d482ff65ab,Orson Sentinella,638680244,3/18/2018,87774 Bay Court,£58.27
2e3145f30ae7804c1f0a7c3050fe2c28ea04,Marius Robb,316450155,12/24/2018,36080 Dawn Road,£67.01
1f34dff00c3bf040140a7e80a91dd50890ff,Lilah Pigeram,135370409,11/28/2018,37 Spohn Circle,£72.15
4fed07a50c6f9041d40a05d013580bb90410,Guendolen Cardo,3698701818,6/23/2018,52 Golf Plaza,£32.38
f2c3d7c80631b0410a0af9406f94c4c51ae2,Bee Goaley,6050503759,4/23/2018,90 David Lane,£72.60
c7e03a4d0f334047a90942008b0e730ea165,Fredericka Hugnin,642200421,4/22/2018,7587 Waubesa Parkway,£90.50
35aff4fe04aed042e60afa2005ea96ea1e5f,Roby Craine,670460126,11/26/2018,51 Huxley Lane,£39.02
cfe7d76c0c841041070a44e01f3a18ba20f1,Carree Twitchett,627130911,12/06/2018,971 Hovde Avenue,£53.54
49f5c94a0a6cd04d320a13e032e9fc042338,Jasun Kidson,6477800375,4/19/2018,62 Summer Ridge Crossing,£27.15
e6d978d20f2210455a0b68a086009fc15561,Gabriel Evison,670460941,2/20/2019,0540 2nd Pass,£45.85
f4ad11fd053d604eb309dec0fbc928bcd8b1,Nikita Puttnam,496430371,01/02/2019,01779 Quincy Road,£15.54
9334e8360f5b5041bf0a75c046994b65c7f3,Jody Martschke,686450463,1/16/2019,640 Cordelia Park,£38.41
615a07dc09ab2041700942609aead71ae4a9,Milka Hansemann,25901605,09/12/2018,9 Talmadge Plaza,£31.74
be3ea6f20548f04aca0a78c03b4812252bc6,Stacy Paulich,26806206,10/08/2018,0667 Myrtle Plaza,£59.71
7f886241072a40430b09c7f0661051195f92,Rosabel Oxshott,509650001,05/10/2018,9105 Old Gate Junction,£95.70
26908670006f6041af0af92043a5bcc9337d,Pandora Hatchett,105780015,04/12/2018,1866 Waxwing Circle,£81.10
a24392990477a04ac90a1fb04f942925783c,Hastings Goldman,70304767,7/13/2018,50411 Meadow Vale Road,£94.99
6154784d0f90f0439b0831f08e5a124729bd,Kasper Grisley,588920347,02/08/2019,823 Manley Plaza,£54.69
ed83992f0cb10045a708d4a0b0018502a81d,Reba Dowty,216950193,09/08/2018,7 Ryan Alley,£21.98
58a2b2640e49204984092ae0df4273096c9a,Austine Abbotts,5976201061,11/16/2018,38262 Toban Street,£28.59
dba782730ef8e0450b098c202165c779e063,Elicia Pechacek,26800282,02/09/2019,19336 Red Cloud Pass,£79.96
732b925f0de84047f3084720e2f9e70471b9,Markus Sprasen,6195701420,8/16/2018,870 Express Trail,£11.34
eb3f0aff04e8c04de60942f06493334d1b51,Albie Eul,761230121,06/06/2018,1352 Crescent Oaks Park,£10.71
c39947500e0680420c082330398b8f32de7b,Ninnetta Causey,604290772,1/23/2019,974 High Crossing Lane,£78.45
38fd24fb0a69d044150b0a60e75a7257ab05,Jeth Comben,6504401519,02/02/2019,5 Kim Crossing,£54.81
f95c973702ede04b3d0be950b953d3077f55,Marty Edmonstone,658620596,5/18/2018,400 Darwin Place,£61.18
a49f804b01e9304f430a4e3079812f8077a9,Elizabeth Girard,499990932,07/03/2018,25 Cambridge Way,£50.50
a0a265250462104af80b4fc08d36950040c0,Melina Judgkins,684280085,02/12/2019,724 Sullivan Circle,£75.88
7fd84aee0cd42041b00902b0ca8502f5d9e1,Rhody Farriar,5823209907,7/21/2018,909 Continental Lane,£19.62
5b234c8c02d0a0459609f42016a00157c072,Fawnia Hartley,691900111,03/01/2019,041 Calypso Circle,£20.41
9268c29f0afee043c50af3e0e85394e5230c,Martina Spain0Gower,760700130,5/17/2018,7 Jay Terrace,£18.21
ea744c6a00a9004c0e0a13a0fb3997abc4f2,Tonie Boscott,5033200105,6/18/2018,421 Coolidge Crossing,£44.53
2613d4640fb1a046f10a9bb0137a78640543,Peggie Pouton,4355304134,08/09/2018,9 Melrose Terrace,£91.59
2f846d820b310049a80a705034d6bea967fe,Shina Stearns,6362905075,06/07/2018,427 Almo Plaza,£11.45
17ab5ede0c72104b2f084830b50a5b23ccce,Quentin Bulcock,499630532,11/18/2018,817 Mcguire Lane,£81.89
3d56ba600c1240423a0aeaf0a02426b804ae,Galina Weippert,433530862,04/09/2018,3451 Prentice Terrace,£36.98
63b3f0340b55e04df40a2ac0fa3594c43a90,Frankie Reay,3698703371,04/06/2018,5 Orin Pass,£98.73
0daa432002b5704ad30b17c0c11edf5419bf,Libbi Gumm,301420141,10/22/2018,83 Fairview Junction,£37.88
d3f89d00062dd043610a8e103024b0639be9,Maddy Sandels,762370144,5/23/2018,08450 West Street,£60.55
ed8d6379046e8049290b6bc078abee037040,Andres Joder,759360120,9/25/2018,9 Glacier Hill Way,£79.14
341f6064082d2045ad089930a6618b9651f9,Raoul Bernardino,26800705,2/26/2019,904 Trailsway Parkway,£16.44
c093e01e030f8043020884a0232faf9d5b48,Falito Jerson,231550166,5/31/2018,0373 Thackeray Hill,£69.86
2a90dc8d0c3a804c990a75704f08c04f2aec,Terrance Kullmann,430630403,10/14/2018,5 Pennsylvania Parkway,£49.27
3bdc22c602f9d040ea0be680b771d34951a1,Kenon Galletley,510600042,12/25/2018,2 Warner Junction,£76.61
08bf25e106b52046040aaad0721391ded67a,Clem Bolden,641170222,11/22/2018,6 Mitchell Park,£49.38
c1b8768501438042e609e030f61595f5776d,Ebba Jenkin,5515405496,12/06/2018,48665 Southridge Circle,£43.40
3eb394a706ae004fb608a8001255135876b6,Kary Loudiane,433530813,7/20/2018,374 Melrose Pass,£37.80
164acc4600ac60408b0bf220d223d5ca35f1,Tuck Kures,685110460,6/24/2018,49286 Harper Way,£86.02
30a3060b07dcc046e00beb8080037bb08e11,Lauren Heeney,4928800124,9/13/2018,659 Loftsgordon Court,£83.21
f0483bbe0f9870435208f580602ef01efb99,Winne Casaccia,216950127,10/18/2018,98366 Sundown Pass,£12.64
8d3aba2c0043d046ae0a61d06106ed34a920,Ilise Ehlerding,5515403487,05/12/2018,4375 Gerald Drive,£35.74
af19452f0667b0464f0898f06eca4cf51a98,Jorry Fritschmann,415200878,8/26/2018,747 Pankratz Hill,£79.81
1e6285ad0a43304900093410163c9246a49d,Robin McPeake,26800716,4/30/2018,906 Hayes Trail,£44.04
f3d9bb7d0f97c046fc0b9e00256a9245870c,Aldin Bischof,533890039,12/24/2018,1 Gerald Parkway,£80.21
64d14dad07c5f043bc088c80d55ee9df62e0,Zsa zsa Hegley,576640126,02/11/2019,2 Armistice Junction,£71.21
cbf7cb060608f048830a410056f937f4dcfd,Clementia Browell,3698703344,12/26/2018,299 Esch Park,£87.03
ac74fab507cc904a400a7b5045c79da7bb20,Rodge Bradforth,5976203720,8/17/2018,94873 Autumn Leaf Drive,£86.92
8469f82a01489049030a30404754dc5ea0b5,Clemens Skelly,37806140,10/24/2018,433 Muir Park,£64.06
9b8681140f581045a208ecb0f31efbd1d9f4,Stephana Pickthorn,650280002,08/08/2018,9303 Springs Place,£70.50
c9f7e22207de104504083de082475f6dd33e,Kameko Dearl,5822805600,08/12/2018,47 Nova Lane,£91.16
145317fe06e0004206088a30e54c428d1ec3,Fran Morsley,353560761,2/14/2019,418 Bluestem Point,£12.92
d010acc4075dd04fd00a70b0bdfb0c7a8d7d,Teresa Cardenas,40901158,3/13/2018,306 Chive Center,£88.28
d3892aec0648a043cd09c7407d7051ac63aa,Hilda Ruoss,246580214,10/08/2018,9757 Anhalt Place,£11.68
ccccf5270beac046200b7d80e35dced13323,Vickie Challen,496630001,3/30/2018,2 Cardinal Avenue,£93.12
48bea82b0a0660447e0821405c02a992ba64,Niels Aiken,493490088,10/21/2018,7780 Clyde Gallagher Crossing,£44.69
d8ae685e02f9704fab0b1d308940ba5f7cd2,Kameko Mephan,517060111,1/13/2019,11690 Michigan Court,£50.01
11accf0d0011004c6c099320c02bd5ca2265,Larina Ceillier,473350232,11/16/2018,57287 Stephen Terrace,£73.94
06a6ac6f0cb1604ec80ba6c0b8d4f71764f1,Derril Beaston,3698701598,12/04/2018,466 Thierer Avenue,£76.04
4f91778309b8204b110bd760dfe274d8656c,Jennee Espino,78102261,12/02/2018,07926 Elgar Alley,£26.83
436ab57e050690468b0ac9505d71a94599d1,Kris Iwaszkiewicz,5515403194,10/26/2018,6 Prentice Terrace,£25.21
379618c306a1b04d5e0886f0801704867f94,Anitra Caulcott,26800870,05/11/2018,7647 Merrick Lane,£44.76
bd183534094ee048cd0b33f05189e8965203,Geralda Scotchmore,4928800739,7/15/2018,343 Mifflin Alley,£32.34
fad913a80e871041550a3cd0d2544fb94fb4,Caddric Mabbitt,4374200211,7/31/2018,0 Homewood Way,£22.03
b07802ac09cd704d1b0a20e0bfc3b4a54090,Kellen Claworth,3698702421,11/18/2018,6882 Londonderry Road,£23.26
c68fcf74051bb044040a6330ed690664d9cb,Tuckie Bruckenthal,596300702,6/30/2018,37018 Sunbrook Trail,£78.36
e038a9b500f850476d08cf50242cb6f5d2d5,Andris Trewhela,372050102,01/10/2019,93366 Green Crossing,£25.79
93431a2c015620464a09aaa0aba7952ae979,Cathie Mackro,61503542,07/12/2018,807 Clarendon Parkway,£39.27
77b210aa008e6042de0b8dd05b1e66e85fd5,Edithe Lucchi,6084000200,05/10/2018,16247 Menomonie Pass,£58.06
bae13cfd06030047b70a76607d9150dabb8f,Latrena Trewhitt,61504513,08/10/2018,06 Golf View Terrace,£66.55
e141ce9e0140f048c209ab00ac9fb39033a2,Nicky Retchford,1152304326,07/03/2018,69 Dixon Way,£21.57
111f305a0d2c704d3c0ad1b021a60967d1fb,Robby Hackleton,53602425,8/24/2018,93 Atwood Lane,£19.82
dd07be080f18204b6908aab05f6c5de38ba8,Langsdon Trewinnard,496430344,5/23/2018,5 Hovde Way,£34.13
b856626b0896e045b4084f507681a25bfd08,Ruben Gebuhr,551110253,3/20/2018,9831 Oxford Park,£28.04
62f90b31082290419b09a2d006eae87cc3f2,Payton Whitby,7585709301,1/25/2019,0 Logan Way,£97.59
0c5de65302b88042bb09055067b253432b17,Richy Ferrino,435990001,7/16/2018,1 Manufacturers Pass,£73.00
d63a74f703a3104fe20a1cd08f956b5428a6,Maryrose Drever,136680084,10/30/2018,346 Spohn Drive,£26.13
4d88f9900ce3c04aa30baa30e4ccd857f3c9,Ruddy Rabson,11300866,02/10/2019,51558 Namekagon Parkway,£44.46
53e729ef08f2204d2e0beab01b1358d4fefd,Iain Temby,551110527,01/04/2019,72590 Mallory Court,£98.12
74472b6f0abbf04bef082060fc13db05451e,Clarissa Lackham,353560504,7/18/2018,00 Chinook Drive,£54.66
e47d6b1606342048c308144021b9de147866,Calvin Davioud,6902170,06/04/2018,3297 Cardinal Point,£64.29
2606808106b1404b810b321082c4944a5806,Brennan Luckman,624500001,8/26/2018,10 Hallows Trail,£19.58
960c11a3002d2040f70b04b08c7277ca6d47,Huberto Praundlin,544760100,03/03/2019,88930 Kedzie Court,£52.76
54fcebcb029c7049420a35006ef47e1848e5,Gloriana Gatty,5953504801,6/15/2018,080 Jana Avenue,£20.05
d6e94ea30ad9904bad09d5a0784f7cc17418,Toby O'Glessane,591150049,5/24/2018,9618 Mendota Crossing,£44.85
bbc11cc0042cf040d409ce90240c2fd0b4c2,Darlleen Cowan,5349903572,07/10/2018,0368 South Pass,£20.02
b7058117073c30425c0ab0901969abaa201d,Emmy Grelka,458650426,09/05/2018,1 Northwestern Center,£65.77
535791bd0373f047010a1a30705c2f906d6e,Kurtis Jacklings,6504401802,8/13/2018,382 Del Mar Street,£14.71
85a0823500725049ae0bd8204aad9f12f131,Amie Seabrocke,528100703,03/05/2018,71578 Magdeline Center,£23.61
2d456d75029f50486c09aa503d56a4868589,Thorn Scandred,669490769,3/27/2018,3 Vahlen Parkway,£32.01
18ae410c0452704e6a08c2e0d87c0d63f7a1,Bordy Rowat,434190850,2/27/2019,146 Carpenter Lane,£21.15
0b1c018e0256704b3c087240f078a7aabcd7,Durant Stotherfield,461230018,4/19/2018,92327 Harper Park,£69.29
bcb539420b51f046980b74003eb6e6065de4,Cacilie Greenlies,6494201065,3/24/2018,7762 Moland Street,£71.28
25a8a5d90824104d6c0a3b10116f9df83e70,Lane Leopold,685400001,1/30/2019,93 Delaware Plaza,£22.60
9a8ed9e0034d0041060a7380c71b9457f127,Earvin Nibley,433530824,4/24/2018,653 Bluejay Road,£13.39
64eb25010a087043e20af2e0b1c1d7ffe059,Tabbatha Sholem,6050500258,10/16/2018,6363 Brickson Park Place,£50.24
c5bcc26805fa304ead0ba19001f316919d0c,Dmitri Dumper,500210307,5/13/2018,67 Claremont Street,£69.86
45bfb89e0f83f040500a0c80c64706cd828a,Ange Hawkey,552890937,12/15/2018,4905 Dennis Drive,£37.12
72f33542067fe0459f09de6086b314b182de,Loreen Bouzan,7406594,12/12/2018,59322 Clove Hill,£72.69
2a9fb5320cf0204f61099cd0d52ccce3acf9,Christy Pettigrew,5486806291,3/20/2018,42 Jana Way,£72.78
6b959f53077d4044460bd090c7d1e713c7ac,Vikky Schultze,37200050,09/01/2018,1 Norway Maple Place,£16.27
b48e18460ac4404f4709b740688c53656ca1,Andrew Mallebone,171560613,5/31/2018,8378 Larry Court,£81.28
8a78dd23082ab04c7209213010d7d30af568,Peggie Oller,242080657,9/20/2018,806 Shopko Point,£42.90
ef366c130cfdf048680a4ee0d7c84155e709,Sylvia Scramage,537460194,12/03/2018,52596 Darwin Park,£29.47
27d8e31b0e02e04ce20845501f012561b92d,Theodore Minett,544580927,5/15/2018,2 American Ash Lane,£11.47
7cb8c6230088704c8709df20fef3f6c03159,Ari felip,4374200184,8/17/2018,3 Continental Avenue,£24.89
49269433002a0045d20b4b109819a22ca940,Leilah Norwell,5966700102,8/16/2018,705 Bultman Pass,£11.77
ec06799e07cc804f740940908e19ba6fb02a,Joni Bolens,637360594,6/28/2018,67321 Nobel Park,£72.62
17c26da40411604d9f0a3500692109939574,Nannie Scocroft,493480017,6/21/2018,7471 Nova Road,£11.54
b789467c092a604c7c08b440b3188ee4298d,Richie Reichert,5795501821,10/17/2018,6507 Mosinee Hill,£18.78
92f43b460fef5045a0094280c55b8d984d34,Iain Ashwin,1152307368,1/31/2019,33753 Parkside Crossing,£88.82
e42470b904fb604d400b939056f3a6060629,Neill Dunge,5084500031,11/15/2018,34 Basil Street,£78.43
b0801a0901d880483b0b6130610d55645eca,Ginnifer Boldock,46200301,07/11/2018,8579 Forest Crossing,£75.65
5ae909a00575d04dc00a970093bd43b820d9,Phylis Quartly,11300358,5/25/2018,580 Mcguire Point,£49.32
b044c6df093ff0409b0b7000f429079aeb97,Jefferson Ball,597260248,05/02/2018,7345 Nelson Junction,£57.89
cfd6e2a80d669043c908cfd0fd93f3fbd4c0,Cymbre Bon,681800853,08/07/2018,3193 Rockefeller Circle,£16.11
422c1f7803299046280bb620e54199f4d903,Vale Falls,274370143,5/16/2018,97 Ludington Lane,£60.81
3a3615300e7d804e0a091c90f2170bcd8afa,Brewer Blakeney,420020203,4/27/2018,3498 Dryden Lane,£25.94
4abe9e69085fd048ee096b30b96127da3050,Prentiss Gettens,4116703006,10/06/2018,43 Park Meadow Avenue,£27.49
3baa1c0a0450c048550a1be08cd920f68172,Joaquin Jean,6195700350,9/29/2018,57 Swallow Circle,£35.29
8bafed1e063fc04772099390eee86cb0199a,Benson Stroulger,33800704,6/15/2018,96704 Westport Court,£76.59
48e5d0ef061d904422088bd099fc10348540,Yankee Crowd,538970001,2/27/2019,02644 Del Mar Junction,£79.50
fe8ca62c0364b04f3c0bda107dac3a587c6c,Mandi Beardshaw,5167204149,10/27/2018,993 Orin Road,£37.31
d958b3510b78404e9d09278040871053728d,Trudi Rablen,216950302,11/28/2018,6 Anhalt Terrace,£25.08
1967363504c67046460ac6800e729d5dd292,Fedora Calverd,521250660,04/08/2018,9 Rusk Crossing,£16.01
f7c2de9f0e21704a23087c602101b9edb5d3,Clive Stoakley,683820116,10/25/2018,6927 Loeprich Parkway,£91.17
3a17631701e3204f330aca50c571cad6f633,Laurence Piddlehinton,553010094,7/25/2018,671 Continental Lane,£53.41
78e7a0600187f048640a11c0df82b585c465,Suki Becker,659540769,3/28/2018,449 Buhler Alley,£17.84
77cbeea00959004c0b0940f0db1057a05981,Bernhard MacIan,620320523,09/07/2018,84832 Gale Center,£46.87
2853cb2707dd40404f09c77064ec5bb9c92c,Ilaire MacAndrew,12600286,09/02/2018,212 1st Point,£28.55
a2f544de01a6404fe10a8570ae12aa7437d2,Ase Tuckwood,250210157,8/23/2018,375 Talisman Junction,£51.44
5538b14a09ca2045210b5710b4fff575fcf2,Wilma Popple,5486800147,2/19/2019,44 Lukken Plaza,£49.28
1b2aef1d018c7045810adaf0a129a69aa90d,Lynnet Das,6729600643,12/30/2018,2 Mesta Way,£69.46
2293e39d0625c0465409c020a6d55fa0ef6d,Miranda Rootes,3698701376,9/20/2018,731 Mallory Alley,£95.64
5c0af0f40f94f04454084f1051cc2dcaa055,Janeczka Allred,641170183,3/25/2018,12 Hayes Crossing,£55.26
cc6821b10bc6c04cff097600272d50794c82,Gerianna Purser,45602280,4/15/2018,0 Stone Corner Crossing,£26.74
f7955ec00af89040510af3a063b2898e9b43,Geoffry Uttridge,514410003,12/26/2018,024 Hollow Ridge Avenue,£30.63
4c2c27630070e0405f08ed709e241af86b95,Weider Theriot,760070011,12/01/2018,683 Merchant Court,£30.14
c62e65d406ebe04ea9099390fc1444fad8f8,Ricoriki Rodenhurst,5486804278,10/28/2018,602 Clove Crossing,£47.49
5c46811f0f6ce045a40988509a9c58296ccb,Theodoric Collett,4895101229,9/18/2018,3883 Mcguire Circle,£50.52
ba7dc9960492404a040a3dd08d080cf5aed1,Ingaborg McCrie,329090764,06/08/2018,68140 Warner Terrace,£53.59
b0e73fa50a1bb040ed0898a018d743d0e77b,Blinnie Carswell,6051208022,2/27/2019,7 Everett Place,£54.87
755b48340ec07048080bbc6024d2252d764e,Lulita Barnsdall,583940016,09/11/2018,279 Gale Park,£20.01
474a1b470f9d7049c70b46e0db2e94157309,Pembroke Booth,3698703097,10/12/2018,5 Towne Road,£52.79
ab7f1e3e0977c042bf08e4b00d1666f10c3c,Udell Gidney,4374200326,08/06/2018,95922 Corry Pass,£69.88
89257a020c598047460af1504a0506f985f6,Leona MacBrearty,216950322,3/27/2018,352 Springview Place,£23.45
2441ed270d426046e40951d055c67397e134,Justinn Doull,763350003,08/05/2018,41132 Vernon Court,£61.98
13b09c650931904c1e09ab10bd4a3a26d2dc,Tammy Froom,445670221,09/06/2018,0756 Packers Pass,£96.24
144a35450f6cb040dd083860f10fbff84c33,Dorisa Heims,353560721,08/03/2018,02038 Starling Lane,£22.67
6ff8eeab0573d044080af820fdffe611eed0,Shanan Tickel,3698703185,8/16/2018,66474 Upham Way,£79.50
9b25a2f4062090412c0a3400db598c648df0,Kendrick Travers,433530324,04/06/2018,788 Independence Parkway,£37.00
96e7f48c08e9304b7209bd30177ed97134f9,Larine Casado,5334601329,3/22/2018,4268 West Place,£88.17
07a1e8620338304da80a0fa0eae35c45f33c,Wilton Zienkiewicz,5084500163,07/08/2018,9689 Blackbird Junction,£25.41
37d7013b0ab86041b60951f0c9880efbf3b4,Herculie Keepin,5752000112,8/16/2018,7951 Melby Circle,£57.50
7e5899a6016aa04f21084fa00e16b5667cd8,Elsa Polack,498840838,05/04/2018,10936 Nancy Parkway,£71.73
b71c8aee055bc04e9e09449073e85fe2a02b,Ameline Dumbare,90405168,03/02/2019,74 Pond Alley,£46.16
9dcc4d380127004a52088920d3449d6219f6,Petronia Bramich,658620045,4/21/2018,594 Randy Terrace,£53.76
ac268fa807a4e04e630a8f40103422180be1,Leo Woolvin,584660033,3/19/2018,9 American Ash Trail,£20.12
74c6a0f10defe04cef0893a0a0c4a63b31bf,Sandra Hartop,599700040,7/18/2018,982 Tomscot Terrace,£83.93
1c7a6389006b704de9095ad0921320c22379,Zea Sotworth,509880284,07/01/2018,75960 Thompson Hill,£45.46
617efd1f06886043cf0941f084a824804957,Annabel Bowering,411630098,10/13/2018,414 Wayridge Terrace,£92.83
4b57f31509e2804d3b0865e0b18619bd9258,Edvard Killich,425490535,11/29/2018,6 Cascade Street,£25.05
2c4586df093db041150a73406518ec65dbf2,Cybil Brunsen,5486805623,09/05/2018,057 Mayfield Way,£57.32
d8c2f61b04e43042490a250005eddfa4d5ed,Idaline Carslake,633540617,11/01/2018,3 Crescent Oaks Terrace,£52.22
c7d3d4550918204d2a0925101d3072af2f8b,Michaelina Morgen,469940489,7/15/2018,30 Fairfield Hill,£46.43
68cbbd56081c10426009a8d03f5a3506dde1,Mag Grandisson,496430409,06/11/2018,7 Ilene Circle,£84.60
2190694901256049b10b7ea017fb9ac63f3f,Lottie Currier,4385700289,5/18/2018,75 Derek Alley,£87.37
83521ff80d189048750ac170538ad334c31e,Alicia McArdle,1182200695,12/05/2018,72018 Brickson Park Junction,£89.72
b299bf9a00a7804ce909388024be38568413,Pier Ors,5167205294,5/25/2018,2121 Moose Junction,£96.42
8238aec70f8a9049ca0811e0672107c3924e,Alfie Bauman,640920835,7/13/2018,9981 Shoshone Terrace,£80.24
847237b30afee045150ad29020c50db26075,Robinia Beggi,422540023,08/01/2018,6 Mcbride Drive,£93.12
92c5c9650b15d04d15087f10f84e58460d8a,Isabel Towse,108120131,06/08/2018,3415 Hallows Park,£90.91
716d63490e7ed040870bd790001e43f4d472,Stanley Scroggie,555130110,8/17/2018,5416 Nancy Court,£68.89
0a0a29f60cccf04576098f5099b47f2d198f,Elmore Cory,639400458,11/08/2018,9591 Vidon Parkway,£20.68
21f06bc303b5804a920af120c1f317715cec,Connie Gate,175750005,9/23/2018,1 Erie Trail,£41.97
49f5623e027a20401d0bd420b29a4581ba8e,Tally Goodby,5515402354,09/07/2018,061 Talisman Circle,£10.63
3dfbab810b2c4049e90a48501f016e729e4d,Brennan Goodright,675440252,04/06/2018,977 Pepper Wood Lane,£14.63
ea67eb1702f9604c260b9e30db935984162f,Luce Marre,604290619,6/16/2018,12960 Upham Street,£47.27
d740800f0e8b7044890bffb0e89a28b3833e,Joanna Bickerton,4374200175,04/02/2018,479 Summer Ridge Center,£96.69
3e22e2160866104f4f09fc101e0b49b1caec,Cory Verlander,681800353,5/15/2018,7362 Truax Lane,£64.76
5bc0c5a40b36a041f30ba3203de3de600816,Camala Panchin,545750388,2/14/2019,079 Sommers Plaza,£63.67
8db2634b09cb4049ed0ba98058262cd0b4da,Pet Petrelli,59100780,11/18/2018,56 Ilene Place,£52.98
3aa093d7038f204e080ab1e03e2376364b99,Frederick Ellick,656620403,06/03/2018,8263 Messerschmidt Trail,£88.04
5b303dcf02126040990b6760f09444f4be93,Guss Mc Caughan,475930491,12/04/2018,911 Troy Point,£33.21
79fcaa1407c720426008b650c1af452efc99,Kurtis Strutz,667610308,8/21/2018,4027 Eggendart Plaza,£59.23
4eeda47603ec7044490b41e04966258d12d0,Damon Lassetter,5823200041,10/07/2018,90365 Elka Parkway,£67.36
72d6301400a9b0438708a290ee4110bd1db7,Cart McGuirk,515670001,2/22/2019,8729 Garrison Park,£19.10
cbc718b900aef047b808a8a034ec40a49bad,Cyrill Petrollo,6671509732,08/02/2018,8 Carioca Circle,£26.02
d57d6a0e04aa504eb10b38c025885ea7ff32,Pennie Brugemann,604290034,10/14/2018,143 Graedel Drive,£80.27
f5faff5b0996b049140a0910b47293c1cb54,April Bonham,430740115,05/08/2018,93342 Kropf Alley,£13.11
c57d8bbf0ba560416f0be9c04c0095958f86,Arlene Gilluley,5515403483,2/21/2019,43945 Merchant Parkway,£90.79
1c552a42028a104cc8093060984f671ea177,Jilly Scruby,490350610,12/26/2018,258 Mosinee Circle,£79.13
4f85a3110ac710411d09bf8056841287fa11,Ichabod Bondar,981320880,4/22/2018,41 Morrow Avenue,£92.36
c4901bce0e6b5043e80810904c11de4a1674,Karrie Spatig,249090134,3/28/2018,0 Fairview Street,£80.98
2e88f8fa0199d0466609fe60d67119019569,Mathe Van Waadenburg,1182200897,07/10/2018,35 Crownhardt Road,£97.34
545ba924096b3049bd0886e0ce72c85604f1,Madlen Douty,5400046,5/16/2018,3 Upham Way,£13.45
e7ae74910832b04ff90be240c544a3005f40,Melloney Caddy,18500221,03/03/2019,4 Karstens Lane,£15.47
3f27c6dd0aeed049c509ee6088c9c349e29a,Conny Dwyr,6050500223,5/13/2018,673 Bartillon Road,£85.15
f7a6e0f908f8604af50953d0fe4ea4291c21,Caritta Cochet,5811800213,03/12/2018,14054 East Circle,£63.73
005e55fd0b49a04606095bb05b6b9941b832,Eddie Eassom,641170954,5/27/2018,79082 Prairieview Court,£78.41
fdf0bc5509061047d00a1b30ae647bdca3ea,Gasper La Wille,411630550,1/16/2019,1 Walton Crossing,£22.12
c60b0ccc0c2f404b500bed202e65c5ebe66f,Tamarah Godsafe,5380800942,12/06/2018,41313 American Crossing,£68.40
0ee0dd12070ad047ba09406000ff50ad4063,Leonhard McGrory,4491100077,5/30/2018,65058 Mandrake Junction,£85.37
aa6ff17b0ec2d04706087810054287948e85,Olia Portail,597790161,1/13/2019,7904 Old Gate Alley,£98.27
619e3f7e001030454e0845909ae5458c6cdb,Jelene Sealy,683820001,5/21/2018,021 Warner Road,£16.79
487649c90a56e0400d0b6520f8d300a8a0a2,Putnem Bartel,6362902683,9/20/2018,0715 Warrior Crossing,£68.49
9f03bc790df370434808ae30e9134f73164d,Christina Guerro,604290105,04/08/2018,40033 Graedel Terrace,£77.47
06461dcb0e53b04e8c088a70e74a8d0344d7,Gael Andreopolos,425080157,06/01/2018,908 Katie Junction,£97.87
5133e5c80b5b304e1d0bd590e46bbee9386d,Aryn Buckhurst,422910372,10/11/2018,90 Beilfuss Crossing,£37.84
182bedb60be5504496087270da8fc5fe8335,Gregorio Pierri,5167205205,4/28/2018,88 Tennessee Park,£47.13
9a8ee27400d97048160ad1e007d00f60c483,Mikaela Dacre,3698703431,10/07/2018,454 Loftsgordon Road,£34.19
e3cfd3540327804a1c094f306554ac35472b,Elmer Domenge,4970109001,10/19/2018,334 Crownhardt Circle,£97.48
f4401d3e0dfb6045f209de807a18c03ade05,Jess Dolley,669930055,8/30/2018,402 Morningstar Alley,£89.63
6a11d0a70d62e048f50ab1f074094be6b37f,Clevey Trattles,165900309,6/22/2018,13596 Twin Pines Terrace,£46.08
5620fbd40b13f04c3c0945b0faed6ccc6beb,Warden Crowdson,6628801300,10/17/2018,07793 Manley Alley,£48.37
0eadecbe08b390450509cb10698c28efb44f,Darbie Gorvin,680840621,10/19/2018,2025 Oriole Avenue,£82.00
c858b7450bbd4040140a82703ec11b60fa1d,Hildegarde Wellard,680840530,05/08/2018,000 Helena Terrace,£89.94
fd4f9c270cdf604b240a30f01fa25e1f861c,Deeann Tyson,26801206,10/23/2018,83 Spohn Parkway,£22.85
580638b10e90e04d9909a9d0a196fe00a439,Kally Dobbson,596760566,12/07/2018,17 Golf View Road,£45.29
fc86e04e05687049b10a9870d855eb5dabc1,Enid Jellybrand,332610754,10/18/2018,8483 Anzinger Alley,£21.37
c5fcdf1b0995a04077089e707a44dfaba974,Deidre Dearman,576270129,09/03/2018,838 Oakridge Avenue,£18.78
fcd6539d0b58804f240afdd02b3cfeb664e7,Malvina Meak,422910672,12/13/2018,31818 Elgar Center,£45.36
225ff87c0929c04c800958b0652174cd93ba,Maddie Peakman,5033200109,2/20/2019,39234 Packers Circle,£14.65
5195fcc70e3b6046240bea504094983bfe49,Ophelia Legg,26800810,06/07/2018,91 Hollow Ridge Way,£41.70
0988e0d00c23c04b370906a04b90f0c8ed73,Yuri Pagin,547380554,9/29/2018,22 Sloan Point,£25.43
f15861b90096f047d00ab4601d7cf9e0a7cf,Channa Lanphere,5349900693,11/21/2018,5 Corscot Court,£28.21
5625fceb05c3904ebb093c80b665e34c6da6,Winne Rolfini,3698703188,12/27/2018,31 West Road,£69.65
ae0b56fc040230424e08ee40d19d210cfbac,Kristyn Spadotto,527470475,09/09/2018,3 Bultman Terrace,£85.66
6fc2be7004317040b90bc1f09224c90d5bf9,Effie Sweedland,5976205015,9/26/2018,0320 Kenwood Place,£53.69
94b1ffea053de04196083ec094de7a274684,Tobit Fitzpayn,552890704,06/05/2018,78667 Calypso Alley,£77.11
c75905a400ae804e7308c83066fe9603e31a,Lainey Beaten,4895108197,6/27/2018,893 Tomscot Junction,£12.62
48f0d24708dff04924091d20034537906d99,Moses Kock,5571401515,02/09/2019,5 Hayes Street,£45.31
97d9654f062540407f081000b91f13cd2fdd,Merry Mitchenson,422540092,10/25/2018,024 Meadow Vale Avenue,£63.53
449ac0d90ac53040ec091e6071ee28f6a133,Dell Whitaker,368000326,9/13/2018,9930 Utah Lane,£89.99
0d2f6a130dba3047da0b9bb0d418d3b22505,Francisco Bellon,518240600,01/05/2019,3 Heffernan Terrace,£70.37
c49404bc06b63042f9094120c55444c19947,Ewart McEnteggart,3698701240,12/08/2018,9801 Pleasure Avenue,£58.23
2ce1250b0b96504afa0829c00357983acf58,Bondy Lippatt,660960688,11/01/2018,20 7th Center,£49.84
feb047050b5ca0443c0a9430f164d1b3c8b2,Irina Haggith,619190528,05/08/2018,51 Reindahl Circle,£18.08
2b75580105ba904b3b091020d137ed887a13,Odetta Scrivner,490350251,1/28/2019,21 Kinsman Way,£20.20
99bf6e710749e04bde0b6c5046e1b487238d,Bibbie Gulleford,4116704232,8/24/2018,9 Macpherson Street,£38.93
e0fdfcb6083e30470b0b01a0d39fd40c771d,Lanette Gillies,6874501094,6/18/2018,947 American Ash Crossing,£86.31
66ccb3730292304ce90b58908952e6ff22dd,Glenda Roots,5504501173,9/27/2018,79 Bartelt Crossing,£18.65
cdd08caf076ba04e5308a6f0f68fc84b94f1,Beverie Whiskin,103560832,11/21/2018,21 Eagle Crest Center,£17.79
c69e0387052f304222083e70325ff06bbe75,Alexis Plaxton,658620071,10/09/2018,6908 Rieder Street,£11.92
f023b0970128e04fc4081d40d1f87641cb88,Gwyn Gheorghe,5486806259,1/15/2019,2 Ryan Lane,£98.55
0bf55fde02a2504b92085e605b54e2fc1eb8,Arri Oak,90406314,2/16/2019,5 Helena Center,£64.50
af9d1443032d6047eb0a3010419b06fc7a79,Helaina Oliffe,5400056,07/07/2018,2408 Goodland Drive,£74.94
076c3872031c504c7c0953a06b9c7a8e2ad4,Obie McCuaig,686820004,6/13/2018,41996 Butterfield Drive,£85.83
853d42420e9870422a0a9250fb7bdffcfb93,Kendal Olohan,521250577,1/20/2019,874 Village Green Lane,£48.00
60d588bc05aa7049ca09ca106373263f3e0a,Russ Ughi,642050130,10/15/2018,4480 Dunning Place,£92.78
412d513c0e510043ed0b1560f3dae12c187e,Candy Filde,5380800225,10/02/2018,3 Warrior Junction,£73.88
dad1c966005120493d0b7630222cb60838da,Elisha Merrigan,174780934,10/05/2018,73 Haas Junction,£76.15
1b9e8a300fa7d04f630aec9033ff5b9407d6,Ray Lawford,658620163,03/07/2018,6485 Sundown Circle,£43.71
ea4c9d5a0d050047280875507bb0d690a01d,Morna Kleinsmuntz,3698702337,01/03/2019,1 Lotheville Parkway,£64.92
3ac7d9140747e04acb0af3a05e76cbfb3bca,Jacky Trownson,607600914,5/14/2018,14 Buena Vista Crossing,£56.03
481114fd0ee84048b30a3330b53912418491,Filide Nancarrow,301420282,5/24/2018,00085 Spenser Place,£43.79
274333710ffb704e0b0902108f8a132cc648,Mohandis Thornewill,441830508,02/08/2019,029 Northland Circle,£23.53
02f066a500cef04df20b5b6014029f48c6aa,Adan Boulde,552890725,4/27/2018,8 Cottonwood Terrace,£82.61
078474f00a12904d4b0a2870d8a66ded0141,Fayina Crocker,1182200004,2/17/2019,9789 Bowman Junction,£66.65
c5f9d4ea0595c048c90bd3308c17be3153d0,Trstram Peet,641170216,1/17/2019,01 Burning Wood Park,£81.47
72371378066550486d0a1590152c117ce405,Thalia Cadle,605330010,09/09/2018,63 Express Pass,£94.40
921ac92d09b15045a6083ee047554dedf45e,Diena Mityushkin,244880023,04/09/2018,9556 Lunder Place,£85.22
46ac02e20f6a404d030ba070c8b673dc7a33,Amaleta Tayt,3698702110,01/12/2019,3049 Ilene Park,£32.41
46accb8909ded048ae09444051d6383e1980,Roanna Yeiles,1074208345,11/19/2018,1885 Butterfield Point,£46.59
0b5bfeea04b3104f1b0a11100047a2339d49,Juline Joney,26806721,11/29/2018,448 Anzinger Point,£96.56
78a1f3880679804187083830838431e2cd79,Kirsti Bowkett,513460226,7/24/2018,178 7th Road,£63.83
8e9080300370704bbc0a9180ce12c574f0b1,Branden Arnaudet,5167204034,9/30/2018,92365 Green Plaza,£80.18
188565ec0108c04d2a09a05013a20e4f1d7c,Barny Banting,428580302,2/16/2019,2 Loftsgordon Center,£88.52
df4b04a006ba0045ba08fb80932a7dc48bbe,Perrine Drabble,545750978,8/22/2018,26 Johnson Trail,£48.21
793d728a0a0b90471908aa5088b74f68723f,Fredek Cestard,6229600042,4/21/2018,4 Cordelia Trail,£57.26
560917a30acd10447d0b3de0a95eb2b4ca9b,Salaidh Fernant,5795505059,6/24/2018,0 Menomonie Junction,£10.32
8f5e35590669104d8a0adfe0e34a0c795080,Aland Cecil,539640002,11/15/2018,555 Butternut Avenue,£58.00
a6833e9101627045da09df20ed7a2c04eb6f,Sharla Glinde,551110183,7/16/2018,95217 North Way,£95.37
5f0104960a000049e90be6a044d6efccf541,Leonid Ropkins,5043604234,12/14/2018,6 School Circle,£24.33
433ffe670f08d04c270819107b8e6c12d73f,Addie Karlsson,4928800918,08/10/2018,03174 Commercial Lane,£58.49
6a72227200a730474308e8d094a5ab93f1a4,Innis Simkovitz,5486806328,6/16/2018,49531 Ramsey Court,£52.79
109459ba02b0004ef5097d40db70f7d1071f,Maddie Baudy,684280153,02/01/2019,8405 Gina Place,£37.70
9850ee3a06f7304f5c096420600b6274653c,Mohammed Bertot,53600355,10/02/2018,007 Esker Alley,£68.44
bae37d700317e044640bdcb0b61b0dd4331d,Mitchel Bredee,6068101802,7/23/2018,8 Arapahoe Drive,£85.76
6dbe1fb6049de041670a59c0ea88349e1cfe,Spenser Allcott,177720104,11/14/2018,8728 Nancy Court,£91.81
03c80d6b02e5e043200b91005fc3c10c965c,Christan Instrell,353560569,05/05/2018,04887 Blackbird Circle,£51.85
624efb9403b1604c9e089030046cba289e9c,Nettie Caven,638240460,06/03/2018,36 1st Way,£44.21
a8b587d800c4b04f830b6ce040452a302d8e,Leroy Lattimer,5486805762,6/17/2018,26 Nobel Place,£92.51
ae9be7be0698404c2f0bb0700996b50a4349,Carma Rome,624990535,7/15/2018,474 Ohio Park,£18.69
83b63f34038c304bd30a07807442884f2c3f,Gian Greenland,90406328,8/25/2018,40 Garrison Road,£48.49
02aceada01af004aad0bd340dd4d32396b37,Emmett Adlington,94206436,3/26/2018,8843 Comanche Circle,£46.95
be654ad40ae8b046170ac810eab9b6b4da8b,Osborne McDougal,533290820,06/08/2018,6 Holmberg Park,£59.69
61a0a5a30dce604c54087c803a8b2d5eb4e1,Maddy Fielding,5811800013,3/21/2018,6368 Maywood Center,£31.22
378f179c08bec0420b0b232003f6e688b05c,Zuzana Swinburn,659540353,9/30/2018,5 5th Way,£18.46
36abf80808d6404de60bd3b03b4f571acab5,Brnaba Pobjay,5380800931,04/06/2018,243 Lakeland Pass,£88.55
0c48523009af9043e00a8490933340ec2052,Maximilianus Daviot,353560204,2/14/2019,02313 Bobwhite Crossing,£69.01
fc3a20490883704bf909b24035df5999122e,Niels Kaaskooper,224310328,03/10/2018,8 Pleasure Avenue,£55.60
19c829ed0ce7b0421c087fb0eb5624d40311,Carolina Burthom,499990065,01/06/2019,29 Hollow Ridge Drive,£14.51
b048519e0f375040670a50d0cf5dd7563d8b,Simeon Enders,639410641,06/05/2018,5 Upham Road,£56.63
4dbf837001f2e04342088d207af353b54ce3,Rutger Odda,548790011,06/10/2018,8973 Macpherson Road,£27.41
60c994de05ec704b360860e0abd8d03504af,Deeanne Le Brum,525440032,02/05/2019,72083 Charing Cross Park,£10.13
1c7fba1a0e39604f790a901018b3e6a9467d,Siffre Kindleside,60304467,7/23/2018,990 Washington Center,£47.87
967f36c10d324045610b8b20650dbdd421a1,Eloisa Caistor,18500149,9/22/2018,44323 Mayfield Avenue,£80.99
22c0a7710249d04b950b9130e3a039530749,Raviv D'Antuoni,108120247,6/22/2018,03 Ramsey Hill,£40.51
1f26eaec0fb9a04e260a6980d5529e69fb82,Calida Bartholomew,597790048,3/30/2018,48 Eagle Crest Center,£65.80
260f6d740fbe704b4408a4c0a61fe183d960,Lucia Kesby,6841104057,09/06/2018,05786 Village Green Crossing,£79.76
6c9b39aa020650415708a2d01e1e04679e79,Homerus Ismay,5404538,1/18/2019,14 Nancy Avenue,£69.61
a459300f06b5204aed09cfd0da011f13562f,Nydia Crumpton,521250800,10/10/2018,81 Sachtjen Way,£85.24
697a121608228048a10b6b50f9fe9905f80c,Ugo Sisson,6494201263,4/26/2018,7617 Ridgeway Terrace,£18.45
77ed985203ce00499f0a706003c3eb78d880,Clyve Arnald,637760347,04/02/2018,1367 Bonner Alley,£52.72
522336db007b404ea608a3309da65ef1d48b,Ashli Riddick,499670513,3/20/2018,2233 Cherokee Hill,£93.67
bd52c4db0f12f04b84091c7007cc1255c97a,Renee Baile,5151400236,10/11/2018,695 Eastwood Crossing,£44.60
7a1b888a018d904e800bb7500bb9bf21cf71,Beitris Joust,174780703,03/09/2018,604 Katie Lane,£53.77
ff62809d07f7f0415a092670ed74a8f97e55,Abigail Ovill,642050225,7/30/2018,357 Marquette Hill,£32.39
801566590910304a1e0b3df022f5d816c1eb,Renault Jereatt,477810267,12/05/2018,2698 School Parkway,£44.27
c273d9e006b72040040848a0bf6f462f43d0,Trey Mollin,414990123,04/10/2018,3129 Maple Street,£57.50
1e7fa80602224040e40b2990ef6512068b44,Keri Mouth,637360204,8/29/2018,15553 Hauk Trail,£73.59
deb00c180f7e70400f089e905539766597e6,Berny Poundsford,6362904745,06/10/2018,8 Birchwood Hill,£35.84
0da8d0dd07f9a040c609d4b09b530cb374af,Olympe McNickle,505630127,12/24/2018,19 Mockingbird Drive,£89.66
f23930650bd4d04c6f0b2bd0d9bfb3e9e75c,Josie Sushams,6878809526,6/18/2018,455 Burning Wood Drive,£29.54
9480d4e9011b30459a0a43b01b4bf76b4add,Marcello Royce,5380800693,05/11/2018,02 Huxley Place,£94.51
45b4ad620508d0443c0abd40bf26d6c6cfa1,Douglas MacNeil,4374200201,8/13/2018,6164 Carpenter Center,£91.22
cb2b4d55090c0045c8084c20429afedb83af,Carey Gudeman,422830002,10/06/2018,09 Delaware Junction,£20.41
099758a20c1bc041420987e00ecd693451d7,Angela Harcarse,597790497,3/25/2018,2 Brickson Park Hill,£53.36
713be47505169046390a5610f91b07dc51c3,Millard Godsmark,4491100118,06/04/2018,0127 Twin Pines Parkway,£29.89
16eb6689028d804ead097a605acef49ebe52,Lockwood Revie,430630462,7/19/2018,62 Almo Terrace,£90.81
b7835f850dcb404f5b0b8df08363b6aee2a2,Warden Skipp,761230245,3/27/2018,90620 Manitowish Park,£97.28
583d14e40cebe04fe70b7bc04124f220f367,Crissie Withrington,900049,8/21/2018,1561 Graedel Lane,£99.51
33290ead0f2cc047e309b59081c74f82bbad,Naomi Tunaclift,560620994,7/31/2018,974 Kropf Parkway,£62.56
f03e55b00fb550423e0a4d10ff7b572f482d,Marina McMahon,4928800403,11/16/2018,85835 Duke Trail,£19.90
02f07dda0c4fe040560bf4d0f15a8b43d5ab,Valma Bathowe,5752001046,8/19/2018,81 Union Center,£46.38
d26c8ea408e8c04d4d0ad1d096040e5205a5,Celie Muge,4491100026,02/11/2019,50578 Pine View Parkway,£82.87
766b88fb01b8f04322087dd0e01d505b2726,Yetty Oakshott,9304444,6/20/2018,06 Clemons Way,£11.85
7b27c7bc08ef504c1d0828004fa4e62272ae,Shanie Simenon,529590824,11/11/2018,8 Anderson Terrace,£39.15
bc73f1df0fbf104a40092a50939e64120d79,Vikky Doylend,545750340,06/11/2018,4 Hollow Ridge Lane,£37.57
78df4535004f6040f909327079bf71f41037,Russ Daubney,5935100307,12/23/2018,82 Heffernan Avenue,£19.14
d996bdd80d6a4042760a6180d0588e6b219d,Dot Parlet,5811800684,4/25/2018,8 Crest Line Pass,£80.05
7fce1f61044ae0489309512090ab6be7a9be,Patton Eardley,411630707,2/28/2019,52 Eastwood Alley,£47.17
645868a60a473042800be4c0edec0d5a8d3e,Lane Lugg,3708120,04/10/2018,00 Talisman Trail,£19.91
c0dc230a0dae50453e087ac0e25b78aac1d8,Datha Weems,764610023,08/04/2018,8675 Moulton Pass,£39.37
db313ae1056d904e3e0b3b201c93df18e286,Harmonie Golden of Ireland,415200302,9/27/2018,3651 Vera Terrace,£33.15
f8aad9e00b4a1040d90943c03810c0258441,Franny Thorwarth,670460651,02/07/2019,0 Union Hill,£23.08
e42193ca07ddf047350aaa20f76fc0e54e3d,Efren Siviter,430630537,04/09/2018,96 Leroy Avenue,£49.53
11676664006f904aeb0a9ff0b4fc2b1661b6,Ange Vuittet,639410670,1/16/2019,036 Eagan Junction,£92.38
38edb94f099c4040a40bf330271d23d92ee2,Markus Tyreman,4895104074,5/14/2018,617 Loftsgordon Road,£94.62
11931c9e08f8504fde0b3c407fc45bedde4f,Kendre Dunkerly,649900610,3/27/2018,098 Dunning Center,£39.83
b8668aff0c3ee04faf089f2075e1e1a2d26e,Daphene Eggerton,5486805862,04/01/2018,12 American Ash Road,£44.10
15ebd7aa0895604406088ed04f50b6725349,Arvie Ghiraldi,3698701867,2/18/2019,2 Continental Hill,£11.76
e9ae0f340010f040900b3b40c8cc294948a9,Lennard MacGillreich,646160046,7/27/2018,1 Shoshone Road,£57.64
d0989f0806390044670bac3042dfa9bdc869,Jimmie Kibel,4928800223,8/25/2018,9 Westend Street,£83.53
f26465770b4d7048c0096de07582f2ab7849,Onfre O'Rodane,4895101231,10/24/2018,4 Morningstar Hill,£14.78
772971b40843204b7b093690882b10b77523,Adolph Niese,431990031,06/06/2018,26 1st Point,£36.90
54979ad80c707042ef09d5d0bdc27b1f39c8,Dexter Ancell,411630022,1/14/2019,65 Buell Point,£25.89
24860aaf0fc04049050ab4f0173bf4177993,Paige Gartsyde,78103095,02/09/2019,47491 Roxbury Road,£96.65
cc77ddb50630704bef08ee407352f477f1e0,Otto Kippen,433530050,05/04/2018,59 Westend Trail,£76.92
dd19b4460d03a0425a0bc3706422661ee2c7,Zaria Reynard,680010214,5/19/2018,7394 Hansons Circle,£30.22
15cec60f02ff1043f20a6ca084756d9b075d,Grant Swiffen,585030012,4/23/2018,3 Jenna Way,£77.35
0a128c5f0a9dc04ecb0a3e20b01127e10585,Jerrold Caney,521250091,5/27/2018,21 Southridge Lane,£89.11
5fcfb1be09c4e04b4a09eed0abfd9f752bdb,Jehanna Emanulsson,661840530,04/12/2018,34952 Parkside Park,£84.06
134510c50ea990423b0920203a2c3a7d3d65,Rowan Pardue,1074208782,3/13/2018,78389 Old Shore Avenue,£24.41
c76ee8b5047de04ff00b53c0e588bafdd248,Chantal Wilsone,498840640,3/30/2018,41 Northwestern Drive,£72.41
7be65dd001e0f04d3d0880509834aff700b6,Tammy Freiberg,412500572,7/30/2018,9 Jenna Lane,£80.49
73fe6bac061b504b880a4f10590b047f40f1,Crysta Atkin,272410004,3/18/2018,0 Farmco Terrace,£52.13
bd422b75012e6042680a7be012bb11cc6c45,Gwenora Wilkison,493490468,12/20/2018,56217 Melby Alley,£66.58
4d2325470b75604ff20be3b06ab14f563c80,Anjanette Ogelsby,560620489,9/23/2018,72 Northview Crossing,£82.33
484ca2da0e2e604c000bb340af9cd7cf1805,Franky Caslett,684000205,11/15/2018,187 Parkside Point,£98.22
4e0cb1c703d8c04d4d0976d03f858584ad1b,Kyle Lukash,630800679,8/29/2018,07140 Melby Court,£15.94
1f9015b8090dd04e5e0a3f20e4685c8cbc8f,Antonietta Hadden,5515401927,02/07/2019,055 Talmadge Road,£80.44
0c6c7b4a0c5e60414c0b1c40ac3261712589,Cleon Swadlin,4928800007,8/15/2018,131 Grim Plaza,£60.25
6476cfed0faa304ba608ab807e322acebc91,Cal Dymocke,545750952,10/11/2018,433 Kedzie Road,£52.33
902833bc002d804fac0a94b0d76bf9f3fa84,Windy Gawkes,370000699,4/20/2018,245 New Castle Point,£79.30
06f66e590576104bb00843a0160986008a36,Naoma Bednell,617270318,05/09/2018,9604 Sherman Lane,£93.81
8e38824b08b54045980b1ab0b0b96d17e99d,Cal Deener,5571402234,07/02/2018,051 Chinook Avenue,£31.08
c92e07a3016de044af0b5c4023c166af596b,Ellen Grimsey,676180300,02/03/2019,6753 Hoard Drive,£89.57
a554383c0bc9404cad09c6104ec50d2a8654,Bo Maharg,617670219,10/05/2018,882 Meadow Vale Junction,£83.07
c75066ce0a7c3049e609b2b0afc6c4c0f168,Sheilah Pellant,633230460,6/17/2018,65 Bunker Hill Parkway,£93.98
1fb3e5300197f048e809f0801e71f8490c80,Ora Copo,5515405722,2/18/2019,6577 Spaight Crossing,£15.91
14bdf0fc0551c047790adb101b2c78276a57,Imojean Ever,5486804356,8/23/2018,540 Rigney Avenue,£77.44
851f50a106fdb0405a09cd900520964f0329,Moise McKeag,525840389,09/11/2018,605 Jana Road,£48.45
5c81c8890d91c042c80a02b0694b671530e6,Ram Byllam,100060001,10/30/2018,4700 Lerdahl Plaza,£52.42
77b993c5073ea041d50843a00bf35057da64,Zelma Gaskoin,905400,11/03/2018,13381 Everett Center,£15.52
f24ce6f702dec049cf09fac0f43fe7b294d8,Gibb Lalonde,6201100102,11/28/2018,28 West Crossing,£70.00
7e35cb0706c7904d600864408c9344664997,Shantee Brickham,6815104210,11/25/2018,81083 Garrison Alley,£76.25
16ac732e07f1e04d550befd0e375cb2f1817,Vachel Blessed,655970107,03/05/2018,975 Paget Parkway,£95.10
3ddb46170848b040a80965809bd23ae4a29f,Dolley Timoney,556480920,03/10/2018,3271 Farragut Alley,£93.30
613f792d0698a0456a083c00fda6dfe41fe7,Brooks Radcliffe,6111901001,06/02/2018,5849 Grasskamp Road,£57.64
1026ac9307b75048ad08b64041cf83170876,Kore Pinnigar,353560954,04/10/2018,2 Ronald Regan Crossing,£12.35
fdba58010e6be04fc20bf3204f8bf124d9a1,Halley Leteurtre,663360502,07/01/2018,0343 Golden Leaf Alley,£32.00
c75d4e3d0016b04f0b0b04e06e3d3619f9c1,Wolfie Scopham,497380251,11/12/2018,2 Veith Parkway,£99.87
136d434b0ec020426f0bec2060978531e0d3,Winnie Rainer,415200047,06/08/2018,01975 Chive Circle,£48.97
ebd638ab0ca4304c950a1c103dca6e05977a,Maurise Prier,683560109,08/10/2018,1 Magdeline Crossing,£53.06
4951f0510f4fb0428b08bbd02a32b4ffa25e,Tim Hlavecek,147830600,4/30/2018,821 Pankratz Pass,£13.50
b2bc9bbd07b6004b670908c07f970b6f775f,Jenny Darbishire,658620141,09/05/2018,0503 Stuart Drive,£75.03
d51010c70b6a804bdf094590ff3cc9c276c3,Pail Longfield,242360950,06/08/2018,29 Northland Trail,£45.97
6f2ae8e701f36043b1088700dc86aa616f41,Jaimie Bilovus,633040900,02/06/2019,14 Rieder Avenue,£87.73
651e12e4033b10419009078065f615f5a9cd,Brandy Brennon,12100646,7/15/2018,3 Mendota Trail,£63.46
4c99144c0d93f0466b08076056da6533f07a,Kerk Heijnen,4459705605,7/29/2018,77893 Sunfield Park,£28.48
9f639fc30573804e000bba306a91992e1009,Andi Da Costa,593870002,06/11/2018,9827 Shasta Plaza,£46.88
5079d40e011fe045980942101baa1947460d,Worthington Hrinishin,78102192,02/04/2019,52039 Butterfield Terrace,£22.82
bf8cd49807d2504a890a6f6074f828cdc7c6,Joy Pykett,764360127,2/16/2019,4 Schurz Park,£95.60
7f6ac65e0c1d2048aa080000a7447efd6ff8,Dick Friedman,521250531,8/17/2018,51 Prairie Rose Trail,£56.18
2a86d4e80af8f04d800a4570ca0bc547ae4d,Shana Belvin,3399201307,04/09/2018,6 Eastlawn Pass,£90.55
dc418f1d01eea0418b0b241028186e64ab38,Lilias Howlett,430630426,1/28/2019,83127 Iowa Center,£21.88
872ea28f08e97048e70b03801e08098b9693,Kevin O'Logan,551110478,10/16/2018,62 Arapahoe Terrace,£12.00
22b6114b0545b043750bbcf0fc80aa055d79,Walsh Brounsell,78103165,7/17/2018,46715 Bluejay Lane,£54.29
93690b810809604971092f7091853bbdc258,Wendell Greenwood,3698702178,6/30/2018,7015 Sachs Way,£22.61
fa0e1d5909ba6040c60b48c05a6cc503da64,Roldan Crooke,663820254,5/26/2018,09 Southridge Way,£95.93
446bfdff02be40489a0b4310b4b9408e2d63,Blisse Probert,6851604604,4/17/2018,4 Oakridge Terrace,£69.16
c755841208f14049e00ace90000759dda050,Jacklyn McGilmartin,475930275,11/29/2018,0636 Green Ridge Pass,£20.45
c1f2c37509fa50498408f3e084c025376952,Angy Kingsnoad,486640001,3/17/2018,3828 Spenser Junction,£52.98
64fd149d0713004e8a0b01c02e23361f7db8,Harriett de Mullett,552890525,4/24/2018,59 Monica Trail,£35.38
bc3c0824041be047e10839b0e0edc3f3054d,Lothario Dowdle,5486803191,2/25/2019,3 Meadow Vale Circle,£22.87
b3e35bf70a6d6044a30adb009c052ca8bc3f,Chiquita O'Currane,684720089,11/12/2018,77760 Springs Hill,£55.76
4860bee70323604b15092a403abbf1cc9add,Hestia Fife,6457800076,5/23/2018,65644 Sommers Hill,£70.24
76d12635079490475e098860c52296ac2fc6,Felice Busk,6706441,02/02/2019,5 5th Place,£53.58
7f3a3df30f5cd040f70ba3f0d20a452e554f,Stepha Brandts,493490074,1/17/2019,40457 Chive Center,£16.70
b57024b507f3204e960a42f09ba3ae2ac6fa,Julian Doram,559100235,8/17/2018,5593 Division Plaza,£29.80
0d193e63070ba04f9d09a98096f2ba7d9371,Korry Prazor,680940757,1/17/2019,409 Reinke Point,£41.78
77e16d4204b7704fd70b5360e705f360590a,Harry Brobak,521250644,6/30/2018,7 North Parkway,£21.54
61dc2cad099980404e0aa050e32001ace1e9,Marigold Fullman,4491100025,9/13/2018,73 Waywood Way,£90.76
b7e45b110f9300463c0a8b805af169813234,Tiffani Vinton,317220406,4/21/2018,4857 Lake View Street,£28.86
c28a588a076f6041c50b8bc048f8977fd6f8,Davina Kilsby,5486801980,8/17/2018,94 Birchwood Trail,£94.45
6d370bac0a223045e00a91c01042c587d740,Gilemette Attac,513460001,12/12/2018,145 International Park,£59.91
102da9c104f980470c091f10899a30d55cfe,Rusty McLaren,680010256,05/10/2018,86 Sunfield Parkway,£62.15
7f28bf9f0d85a046110bd3604a867156ab93,Aida Agent,6452500543,8/22/2018,75089 Coleman Lane,£53.81
df581f1d0a864041f20a8070f3fea2be4627,Vladamir Westwick,633230343,1/23/2019,52 Dapin Plaza,£25.20
0be08b790ee370469b0b5ad03379308a2773,Marya Barnfather,493490798,05/09/2018,896 Gateway Pass,£16.53
e26f41c60a9fd048ac0b178012576b24c444,Filippa Swalteridge,37808629,07/01/2018,183 Bobwhite Road,£89.48
53147cc10c78404043095520bf863cc0ac3e,Kimberly Dyshart,173120003,12/14/2018,795 Corry Park,£62.87
06439d4b001a5041dd0931c0c89e6c693019,Miles Aikett,687030004,11/26/2018,76766 Thackeray Center,£81.10
b8057625014b3043020befd03e88cd8427fd,Mirabella Trimmell,7599005028,7/20/2018,64 Johnson Circle,£35.17
ea8bd7d40ba2a04cc9092950abf6d8dc73bf,Garrett Bravington,604290567,11/03/2018,13 Golf View Alley,£88.95
4c5cf1630d45904a3408c0f021bf555e866d,Webb Siderfin,5515402355,12/10/2018,8614 Everett Way,£27.09
2a1da9c408b77046fb0a4d6007e360584381,Ronda Mournian,20604501,5/17/2018,78515 Manley Drive,£23.03
70963db8034810464d08a0701516c9f46db6,Lindsay Lombard,539420055,3/21/2018,8 Hagan Center,£38.67
d6a17f3902adf043190baba0a40c917615ff,Dee dee Gonsalo,5571404545,3/28/2018,00498 Redwing Point,£57.67
c5bb139606e8e049b0081490036596cc6eed,Kassandra Deniscke,44001185,11/12/2018,99497 Tennyson Trail,£44.20
9b87684108b700412c08e380ad97c233cdcc,Cal Tremathack,517720311,4/26/2018,2613 Ruskin Pass,£44.67
a55bcf8700855044cf0a27109a2d608e40e3,Annelise Streight,378080133,2/22/2019,9 Reinke Circle,£13.01
480fb9990d72a048030a40e0581ddd193825,Michel O'Carran,5084500200,07/03/2018,14 Onsgard Place,£59.00
386cc40b085320444c0a152019240a5e7778,Wrennie Grandisson,637390461,12/15/2018,4 Stuart Point,£31.58
c43d13ab0c6c30427b08f46020a97ddd3cb7,Merry Whittet,545750182,6/24/2018,1 Golf Alley,£19.62
7bd0c8c70843b0491309e9b053afd55d0d3e,Brose Tathacott,126340616,2/28/2019,28319 Stone Corner Avenue,£59.78
5e4c88a2086e2047100bb1e03a8c65afee94,Maxwell Dohrmann,525530001,11/06/2018,50 Hansons Point,£88.33
deb7995c052c3043540a3070e4dc222dd4b9,Bartolomeo Pawlaczyk,9303196,09/04/2018,09902 Straubel Place,£36.97
7d6e73180fe320477f0b46409683ffaa9c2e,Bernita MacKonochie,762820237,1/18/2019,54662 David Street,£78.66
d9ce09cc0fe7504d320981f069ab7cd6ee82,Mary Nordass,764370609,04/11/2018,1 Shasta Junction,£42.52
5daed2030645f04c20093b40dd84e3338a95,Yovonnda Greenman,249090118,12/10/2018,97 Riverside Court,£70.55
27a6bfaf03d1a0417c083300ff2453defcd2,Garrott Dudny,217490987,5/22/2018,0182 Morningstar Parkway,£32.68
797d16de07a890413d0a00a01dae1d6dee19,Johann cornhill,6199500320,10/04/2018,90254 Glacier Hill Parkway,£86.06
f5ea72ba01bda0475f09cbc0b2a22ac04adf,Aeriell Thow,17300841,12/09/2018,905 Southridge Lane,£97.67
27f5253e02bb904d7f0a1f10090816a1ba4d,Barb Tuffey,3698702719,12/26/2018,64 Daystar Plaza,£58.59
c6a7e142085a2040a30a208094f6a756e981,Kylie Divall,493490099,09/05/2018,40 Macpherson Point,£64.24
37ee544e0f6a70414d0857d0bf032917383f,Ellswerth Barkus,493490677,12/07/2018,468 Butterfield Crossing,£56.48
7e27eb3a0b8d9042040a86e02fd06d0f369e,Jeramie Gleeson,301420802,1/28/2019,59 Fremont Parkway,£59.91
fdc29c9001f610435d081bc0dc47b63be528,Chalmers Mercer,686470177,4/13/2018,4 Crownhardt Junction,£61.67
66ca090a0e8ea04fdb09eb10d0d0797c55be,Hannah Pridding,617030304,12/16/2018,35 Mariners Cove Hill,£28.35
9581f5d30b63404ee90bb080b0c5408e9a2a,Davine Fallawe,26800286,09/04/2018,7 Acker Plaza,£90.55
751e1b1300bef04b760be3b09777e95984d4,Marchelle Bunting,378080471,7/30/2018,5 Magdeline Road,£26.28
bc954e350116d044f70806f06c761b23ef5d,Roberta Gatecliff,684720110,6/16/2018,4 Judy Street,£15.29
b9c1e8090600a049640bad50f4cb90bb2234,Delphinia Tipple,560620294,05/03/2018,95199 Bobwhite Terrace,£35.17
2c66c25407a460452b0b9030be2409928eda,Earle Sinnie,4473804001,4/16/2018,21 Eliot Point,£70.45
2dade50e01cfe04f490b1a6029517f9be893,Dalli Wassung,433530933,6/15/2018,69 Dakota Trail,£48.68
e4d190e2018c50445008c5f08d0b0d7abca7,Moise Wormell,216950308,11/09/2018,70 Ridgeview Crossing,£42.39
bef6463c04aab040730bdaa0d39038052321,Reinaldo Callister,684280142,6/18/2018,11893 Victoria Pass,£32.31
c927d08001a5d0490c08790061f04faf9350,Giff Aaron,44008165,10/25/2018,3588 Scofield Park,£86.97
4f3a0e5204d0b044f10aae40b308451d36ec,Ambur Yakovl,5515406191,8/19/2018,23 4th Street,£84.28
e3f9357304335049890be050c39892dc43fe,Faith Affuso,658620404,7/15/2018,2 Melvin Trail,£98.04
8c386fdc0697e0419a0ba2301ac994e4295d,Lanni Duns,617030319,1/26/2019,840 Crowley Court,£11.60
7c138a65004a8049ac09a860e93c4f6608a6,Gun Peregrine,5922002001,8/27/2018,37347 Elka Crossing,£43.92
fb0222a603b37048370b8eb0b45b30b0416c,Allister Karolyi,6201100028,11/16/2018,35 Bowman Court,£61.88
2e665f640bd1904e840a9db092af84e43ff9,Howie Trott,680840381,08/10/2018,05 Thompson Alley,£69.20
4e457c3902ef70410a09bc802a68f8d8acb2,Catina Westman,368000901,07/12/2018,910 Fairview Parkway,£13.54
e640000e0e62504fae08b49016bfe1b012bb,Peterus Beefon,243850460,01/02/2019,8748 Westport Road,£26.17
a0fecb2f095050451d08c7b0a0b9b59e5a78,Rod Watling,643760133,1/15/2019,138 Ronald Regan Court,£82.57
5906a69d0528404a1a09ea4047a9d744e589,Glen Laurencot,525330169,10/03/2018,717 Monica Center,£42.87
4a1f0d1c0fb1604c1508cc50968bd23b1040,Yolanthe Armes,680840154,11/18/2018,42 Mayer Trail,£13.45
ceebb1320f94c04e150b35e00642f61715ab,Beaufort Le land,4116700952,06/11/2018,52 Rockefeller Avenue,£19.41
2280ac780f893041c1086520e40ac0fcd2b6,Joseph Feron,545750966,04/09/2018,521 Morningstar Park,£19.77
92c60aef04b9f047ff0b098042e3a84759a7,Rene Brimner,36300600,05/01/2018,6682 Fairview Way,£94.53
dd811b1b0bb7c0461e09548010445ce54edc,Sergio Hales,672530234,04/03/2018,8 New Castle Junction,£74.58
0a6c0b2b0bc40049b00af9d02a86442b2be0,Alf Selland,6362903177,12/21/2018,7 Quincy Street,£30.20
541ddea70c15104f38091d004e8d1b4be93b,Elaina Donaghie,245590091,10/15/2018,5358 Drewry Street,£50.82
abb49a0e075f60451d0b35b02cb30c47487c,Juditha Gane,298600200,06/06/2018,069 Huxley Pass,£42.37
92e476740ec8c04b070ad170bfb4e62ee534,Syd Spondley,370000500,1/31/2019,8 Troy Point,£67.35
7ddb894d08df804ae10af87014433174a7f9,Ulises Boulde,415200155,7/28/2018,833 Gateway Court,£11.77
417136af0ecb3048c1081e000576f07e92b5,Shayne Pilsbury,981320731,12/09/2018,5 Hovde Way,£89.41
6b84a6c30e0850438d0a33603b64fd2a12bb,Dallis Tearle,585930625,7/27/2018,8513 Bluejay Place,£54.05
06d4b21a0f4130465f0a6f50301ba3817603,Moina Ells,159550327,02/08/2019,7 Truax Crossing,£51.66
8f7ab1070d145043d30b5620074062a2ac59,Loydie Stefi,126340908,02/10/2019,00 Stoughton Pass,£70.41
10fda81a0af0004b730852309ada6685e93c,Berky Fillimore,4374200234,4/22/2018,672 Oak Valley Place,£15.17
47deefe201849047b7098ca07322f751b294,Neil Michie,518620181,12/02/2018,396 Bunting Place,£24.77
5a217f860fb670420e0a4f40a05056393f4b,Rodrique Fotitt,7591600641,11/03/2018,49387 Dorton Street,£28.89
a87b7308049cb04a86097d00060fd9bf1267,Luella Odd,3698702847,01/11/2019,163 Prentice Circle,£74.54
8fa438d9067f8040cd0bfff015ca7d758a5d,Gavin Pyner,372050339,12/09/2018,8143 East Parkway,£55.99
e9d1bb050129404a1008adc0f59e5a983013,Aida Margerison,1048103015,8/30/2018,73166 Ridgeview Lane,£60.93
554e6aab0e895044de088ae01b5672536909,Gennie Goodhay,553160227,2/14/2019,833 Monterey Crossing,£15.40
7a61324c005b204e960b1980dad7b4424023,Bennie Biermatowicz,686450282,6/24/2018,17 Mendota Terrace,£75.82
54f3d0c20b955044a009aff0ff2cca3a1817,Quentin Cromar,641410015,6/14/2018,701 Darwin Crossing,£60.14
9802e3e90225f043130bc510ccd2b0176701,Archy Ellor,40906779,9/16/2018,3160 Brown Way,£59.18
37e024220996204b7a0a8b104f162ce4523d,Karita Aldgate,613280004,12/19/2018,70 Warrior Parkway,£56.94
48a7b08d017de0433408db107d302c71a221,Rayner Kindle,533290808,2/22/2019,108 Hudson Park,£41.53
f82d41e10dec8047a50a12f05a3ba4835f4c,Alley Grunbaum,24500220,04/01/2018,8 Killdeer Parkway,£47.73
c45b06f508279047e0090b706d0af977798c,Antone Tatteshall,627500003,3/26/2018,6603 Scott Circle,£91.49
3ac98438064bc040860a57a0e4a2cbd45516,Nettle Storror,981320882,06/08/2018,5736 Mcguire Plaza,£25.65
176ad4c40c0a904f160b3a00521d1073f0aa,Esdras Kerrich,433530583,10/21/2018,9 Clove Place,£57.00
4de6a56e0eeac04dda0af5a08b137b4564cf,Alyda Branston,5811802013,4/24/2018,87869 Waywood Drive,£83.12
cebd3a010f1db041a60ac220ad0a1fa024d2,Donnie Adger,609270118,11/26/2018,83140 Mockingbird Way,£27.29
4ee58f2c0d818048b50b8ae080f3bd7da015,Ernesto Dooland,646160039,06/08/2018,0716 Merrick Court,£55.80
5dc0bbc200bc8047640861a01e14a065258e,Ernie Smeall,661160507,12/10/2018,31 Schmedeman Drive,£80.28
2ca0fa3200e4404ff70a61305999a3eef84b,Chariot Bonin,651620101,12/02/2018,0 Anzinger Place,£19.67
e8e9ee2c0b79604ef90aeb50b2c694fce7d8,Ian Coping,1530404085,01/07/2019,66752 Troy Place,£80.49
72e84b46049cc04fcd0ba91048e11d01b82b,Marigold Bradbury,5778101073,10/17/2018,450 Hovde Parkway,£55.53
f31d4e64082d9040850b2d60e7474f7cff61,Merci Pechell,680160063,11/17/2018,392 Express Avenue,£83.79
4518642e0a76404369094130e55be161b71c,Ekaterina Pearton,5486800024,7/15/2018,19 Oneill Road,£21.58
c31a6f78053f5049d50a4f603e965d061030,Jonell Flaherty,683870240,09/02/2018,53 Park Meadow Road,£34.45
e4e00c380833e046f20a83c0fceb1c6be122,Aristotle Dohr,3698703002,7/24/2018,7 Butterfield Road,£34.16
60feab440a64004ddf0877a0e089756dd788,Luce Obin,579150001,10/06/2018,518 Muir Terrace,£41.60
d8ab98320a039048c60b61e0acdb25556a07,Hadleigh Maddock,88400763,08/03/2018,40 7th Center,£67.97
49ba6f4f06ad504a0e092930cf844f88579c,Farand Connar,637360662,11/12/2018,07 Bayside Pass,£98.75
538f1f5f0f3a4040150a50f001301d63f722,Bette Montacute,545750296,11/20/2018,82 School Place,£16.23
6d8836f5068ae048d508209046055aebb125,Zandra Allridge,415200871,7/18/2018,228 Myrtle Alley,£11.79
582572bf02bb404ef6082d607518d30113d0,Guthrie Wadeling,26806538,11/13/2018,18 Armistice Way,£68.02
62fed1cb00ed504ad30b11f07cfbb3b319d6,Krisha Brideau,669930052,7/26/2018,318 Brentwood Drive,£87.43
9d294bdd01dc70477a09e1a01dbb23b6b543,Ilario Betje,1763002038,10/31/2018,0 Leroy Parkway,£74.55
8dc4ea340c07d0462e086cd053555aa98584,Karoly Gascard,508440375,05/05/2018,4 Bay Drive,£60.71
a2fdce300163f04d1508c7109ffc6bb5ca1b,Kayley Brute,59103761,01/02/2019,65485 Portage Junction,£28.88
4b561556088760408c0aa0e080d55ec7de9a,Juditha Hardwich,3698702189,03/11/2018,59 International Way,£78.19
e69da82b085b70436b0a038049a0599d35af,Marv Martellini,435380210,01/10/2019,4476 Sage Street,£68.19
c166a8c5027b504bdd08cd70f4ac0b45ad94,Edward Crews,11300604,02/01/2019,670 Veith Road,£12.09
52a7406f0a847044cd0bc290a1cb4e2dbbb5,Eduino Vasenkov,1691300001,12/22/2018,3 Loomis Crossing,£10.49
a3116a7f0d4e604e190a22f06f14087694d5,Willetta Creak,556480978,06/04/2018,6 Walton Center,£45.57
1df2a6f60d4fa047d80bb04031772ec1b367,Christian Cruickshank,5380800871,11/16/2018,9959 Mcguire Junction,£65.75
0fe47bf702eba04d550803504beb1d9e6599,Odetta Smallwood,59700286,11/10/2018,61 Portage Center,£10.28
8c99621206fb50483908d880770f82221fb8,Jeramey Pellew,26806791,3/31/2018,9 Ilene Alley,£19.25
7a8b4407038fe04b0a0b3070162df287ec4c,Ailey Martynov,6109600024,03/06/2018,45 Lindbergh Way,£46.53
f916fba20c7c2045950bebc070b420dcc74b,Tiebold Bettam,681960146,09/03/2018,5 Gulseth Hill,£66.56
0da1b07b01516049560bbcf071a885001e3c,Tabbi Frearson,589800402,05/07/2018,9 Northland Trail,£95.22
21813785049eb04bcf0aeac070d36da2fc89,Alejandra Rucklidge,360000065,8/16/2018,43661 Hermina Plaza,£20.61
164632d106058042400b83a00d3ef9040e31,Gilberta McAnulty,556700131,7/13/2018,58702 Buhler Place,£69.75
35de41ed0028b0428a099400bc92e1160705,Mathilde Pemble,510790994,3/23/2018,73782 Paget Circle,£93.92
ca60df0603f2204fc70b9000aaed2218bf39,Jordan Spurgin,4895105074,3/13/2018,606 Mallory Avenue,£89.28
0dbce6d60620e0465d0a2e904eced82d75cb,Reeba Jacobssen,332610817,09/08/2018,61549 Kensington Pass,£46.12
971968920951804f720adee0a4a4e8318b61,Rosemarie Coultar,525440219,9/16/2018,406 Oneill Hill,£30.56
bb04c3c30c345045170a23d08071cdb5e3fc,Consuelo Bream,493490593,09/12/2018,46693 Golden Leaf Way,£67.51
0d5a5c9506a4004dc20ae650c5122f0c7192,Gwenore Inchley,126340171,02/07/2019,261 Service Plaza,£58.48
0cb611340bfb904d9b081280265e0f713158,Jackquelin Corgenvin,378080425,09/07/2018,70 Milwaukee Avenue,£64.54
21ae324b073de04d870b65b0f263f51c9a0a,Roanne Townrow,4895103062,10/31/2018,7 Welch Terrace,£13.74
69c6ba020bff2042100b9bf05e4c7a15804f,Linnea Peschmann,107020057,8/23/2018,35347 Summer Ridge Road,£84.22
01cdfa410692304812090510498b3047e8fb,Klemens Dudney,430630435,8/29/2018,93078 Schurz Park,£39.22
3c47b6170875e0483f097dc0087fcd9a3e67,Adrienne Werrilow,607600126,7/26/2018,71 Continental Plaza,£74.06
6f34424c0a25904ceb094f00ceae6393eb9b,Ursula Kamen,4374200074,11/29/2018,4 Blue Bill Park Parkway,£24.79
ebbe4bda0aebe040530a7cc01e9299a48d10,Jamaal Creek,664350301,6/30/2018,21084 Garrison Circle,£26.31
a1bd14aa0d38b04e38080040ebf03b8ea537,Roger Ramelet,135330618,4/25/2018,5483 Everett Road,£97.84
03ed48330abe504ed50933009f34367625f4,Lilian Pluthero,5486804536,01/03/2019,5924 Bultman Place,£30.52
7e97884903d4804ffe08e220b77f5fd96c07,Elisa Havenhand,617860038,1/24/2019,4 Hooker Road,£86.93
6442e7b70e763044990b20d08c0ca58daf92,Sherwin O'Shirine,6815104068,09/01/2018,526 School Lane,£49.61
7640d6cf02046049fe0813202859032775e4,Averyl Fromant,516210040,1/22/2019,41075 Bayside Junction,£65.38
ca1e8c6d0039b0490b0bab206d87c3a6f640,Bendicty Rayburn,498840726,09/12/2018,8 Di Loreto Court,£66.37
9471dd2f0187704f3a08638018f5ab29387e,Phoebe Rantoul,3698703356,02/02/2019,4 Dayton Center,£63.11
f2fe323e0bd7404d11097880ac5a2d1d4fd0,Carrol Facchini,638740834,04/12/2018,607 Doe Crossing Parkway,£41.02
47469c7d0de4804ecc09a960670d4ed1fa04,Becky Isakovitch,285950905,9/22/2018,97560 Mesta Alley,£75.80
696edf620c2b2049280a0b20501022f352ca,Carlie Heijne,5486805782,02/11/2019,1242 Stephen Pass,£27.54
33ad1d3708b7704c4e08ea6058c87b849b8c,Orin Blissett,646790632,7/14/2018,7551 Spenser Drive,£39.96
72264fd10fa97041070a51e098dc8b895334,Marlon Eacle,680840088,8/25/2018,5 Hudson Trail,£43.37
a83b449c0488c041c20937a0d4ab1a332eb6,Leonie Alfonsetto,643760132,10/17/2018,4775 Sullivan Alley,£99.45
1e987db207f1104bec097bd042ee4234ed11,Luci Leopold,493480716,07/07/2018,51 Stang Crossing,£23.10
dd8abc9306b88045310bb980594274879e42,Jamaal Tenbrug,493710043,7/24/2018,0 Thierer Court,£90.51
b36cac9902ad404a3908b1b06580e5c74114,Arman Dewick,5404120,4/21/2018,5 Birchwood Way,£70.54
d773909d0d3490459d0bc8a09381eca6d68a,Olag Ridgway,429980963,07/04/2018,89535 Fordem Parkway,£64.41
2e9d3bcd086dd04b27096080c3a70ad64bfc,Fara Grantham,151270081,7/26/2018,6 Sachtjen Center,£50.96
729c2e7c028b3049640b69e0d9216a3df10c,Carrol Randalston,301420707,11/12/2018,72 Russell Circle,£47.85
76149f69070f804c2e080b5081324fed0f62,Auguste Cheeseman,494010102,10/27/2018,45 Jenna Alley,£56.68
04eac00501b03048dd0b7dc04a337d8e9f1e,Essa Goeff,900050,4/14/2018,344 Monica Trail,£44.66
89ae2d9107c5e045bd0b053057c01ab9fa42,Madison MacCahey,433530858,11/16/2018,02995 Merchant Lane,£87.88
1632fbbc0bd7f04bb10a2900b46f493e27b4,Mickey Dziwisz,572370024,2/24/2019,6666 Cherokee Place,£10.81
f40a6bf701d4804c5a0bbf50bd849d13f90f,Eveline Fright,499990772,11/14/2018,222 Sundown Avenue,£16.29
845621430e9fa0452408b8c065bb5b3f86c6,Maurise Dougherty,5486806286,12/01/2018,74741 Lerdahl Road,£63.66
db15d0d5049df043930b45c0366420a12d86,Franciska Newland,521250576,3/24/2018,92565 Longview Place,£92.35
b0c815520ddca042510b00108d6c48e44041,Axe Dametti,420680002,6/20/2018,5725 Shasta Circle,£72.56
5ab744850b449040050af6a0041391e8b056,Gareth MacFadin,762370229,07/09/2018,18980 Kedzie Street,£53.78
b3a99f0e090f0040f3091960dfe1c36c49b6,Rafaela Ciobotaru,521250490,1/23/2019,26794 Pawling Way,£69.81
9fdd64ec06738048200b1630ab350a3edf5b,Haskell Clemon,415200528,1/18/2019,3157 Huxley Plaza,£85.19
54295bf3045da043030b6390185aa8770ca0,Jillayne Shine,5400017,7/15/2018,71189 Dryden Hill,£81.54
be700bc30330f0430d0a6a70e1bb3991a84c,Rudie Jolin,108930620,11/10/2018,86517 Grayhawk Way,£30.99
d60a423c041b0040f80b0700d112094d0ada,Kaylyn Faley,243850606,04/05/2018,9 Logan Street,£71.77
350c84970592c0441d087820d2c0853cae00,Mariam Livsey,24500182,11/23/2018,7 Bartillon Street,£29.43
7a9f5d070e2090431d086ee07b9a2b7078f6,Wynn Bricksey,61506554,07/08/2018,1167 Victoria Trail,£20.61
147a95510c89904b940bde706ad4f9b1082b,Aylmar Copper,106900002,10/12/2018,5 Helena Place,£42.72
67a3d2c80e6d5045460a07e0bdeaecaae074,Jordanna MacDonell,6309400801,4/19/2018,270 Sundown Pass,£54.75
ab24aef50a75804e6e0a22007cf0e3d992c6,Waring Flay,680840798,08/01/2018,0424 Grover Park,£60.70
a0f076e10b5000435d09b0e008a54745f4a3,Celeste Belliss,40907295,11/24/2018,09 Superior Place,£92.86
3705e4bc014d40466f0bd9a00138f2d1bd8c,Martha Loosley,135370188,8/18/2018,9204 Westerfield Plaza,£65.50
f820d955093b5048a60b4a509cffdfb85b40,Billie Bairstow,5486800023,12/08/2018,226 Canary Road,£33.32
251b6efb0bd98047d10b00b08be62a412499,Jeno Tidmas,6504405048,11/09/2018,4 Grover Court,£30.84
2492c0ab07328044db080f00ef5f7522e849,Archaimbaud Trathan,633040693,05/12/2018,5334 Banding Street,£13.19
49cc15440026c0437a0878b0247c1e1ed1f1,Portia Bullar,242360819,1/13/2019,354 Surrey Way,£37.09
46146e7b043f4048770a7e90b462cb1562cf,Nadine Seivertsen,40406500,7/21/2018,0 Coolidge Hill,£33.62
8d48d8b9056aa045050a911036dc9ebc6a9f,Amabelle Emmet,26800842,4/13/2018,4 Red Cloud Center,£95.90
6056f9510d7de041560b1410ad514c1a6e59,Alexa Wroe,90406250,10/15/2018,935 Corben Park,£36.85
a173045a0855b04f670894e0ade80e6f4674,Joel Rolfe,613280006,7/27/2018,432 Amoth Road,£79.39
e467cbc207c860480f09003053fd10b3a82e,Melloney Carswell,167140296,11/06/2018,578 Claremont Point,£76.11
558f82a2034ff0463e0a0a7056f187cc19a6,Vinny Duffitt,5486800890,02/06/2019,258 Blue Bill Park Hill,£11.29
157283e50874a044b50b1d506a1c9abf446b,Callie Tivolier,378080490,10/22/2018,9 Paget Circle,£99.92
2a48dc5b011c7046190a6030a2ca4d0f66fb,Willyt Woolland,526860319,7/21/2018,3 Sutherland Plaza,£40.96
3e9e40a10b90c042990b69507fa0bff5c17f,Lorinda Raspel,9305248,05/09/2018,6960 Everett Hill,£40.69
ff14dae70e59f049c70811804f945b212289,Garwood Forty,83200303,08/04/2018,99 Fremont Terrace,£55.82
12d3bb8d0f35c0481909b3f06c63896922ba,Urbanus Dowry,36300108,07/03/2018,73232 Bashford Parkway,£38.84
f826aec304bf40408f091a6059a8a7beb093,Meredeth Click,353560754,10/19/2018,16 Twin Pines Court,£44.49
474d561405b860452208aaa055047d875a66,Tiffany O'Devey,677770231,04/01/2018,53790 Texas Hill,£34.95
8dd5f9dd0cb5e04e09096350a567b4c8922f,Kev Hovington,115590039,4/24/2018,91 Manitowish Hill,£91.62
2d664dc10bb0004d6f09a580846d3d5a1362,Ebeneser Jouaneton,90406406,5/28/2018,547 Golf View Way,£76.79
563018f80831604b40087a40c9076d53adc9,Janeczka Stroton,762700103,06/11/2018,7 Pawling Road,£80.98
fe8dab3403a4d0473a0ae3205febf6140786,Candice Offield,37802660,8/15/2018,8 Aberg Place,£50.89
7ae03cc906cca04c2209c4d0e4bce12626c0,Sal Biagini,412500016,6/16/2018,30 Bluestem Court,£20.78
cab42b620706204a1b08158060b7c46048ed,Andreana Armytage,604093,06/12/2018,19 Bashford Avenue,£38.00
2b4aa9d20f8cd0463b08a2a0ab58c80f0378,Caroline Braniff,557580100,09/05/2018,1691 Towne Court,£99.15
3c0f8f5b05721046260a25509d89553d1509,Creighton Espinal,147830061,02/07/2019,7853 Algoma Crossing,£91.12
3889a2890145a043ad0a0ce00bada915078b,Karl Bofield,422910143,04/02/2018,63929 Ludington Street,£23.56
79a2c7c30102f04e3d0b2650f75478eb9e71,Gilberta Hardy,370000733,9/16/2018,802 Atwood Trail,£27.91
cae34f070c172044160bcb509d4405fd2914,Felisha Ousby,496430116,08/04/2018,31104 Fisk Way,£44.68
9e830db20e038042a10b1980ee17af7c96dd,Merrili Bassford,22802717,8/26/2018,13 Bultman Park,£19.80
9128f99d0c8550424608c1509065cb32109b,Chlo Leverington,545750974,3/21/2018,8 Marquette Junction,£93.57
fb767ca20a50d040de0834a0b10d424e7982,Jacki Tinwell,531870670,10/20/2018,27663 Arkansas Point,£49.99
079abe4b046370464c0a5100b0271639ec9b,Cathe Desborough,110840071,2/16/2019,94345 Gerald Alley,£56.56
7dd3c8fd0bc460448c0b60b0af7ebb50e04c,Dex O' Finan,658620042,10/16/2018,408 Hanover Junction,£32.69
803c72510c07e04c94085aa035475b730b44,Nicolette Genthner,495200301,8/18/2018,57505 Nobel Way,£58.09
2fd22e0207f13046c30875f027ab20bb8a84,Luce Kopta,521250545,3/25/2018,76 Charing Cross Crossing,£72.14
1cb23a2a054d5044de0b7f70f0fa4c3a0580,Tristan Juan,6238200308,02/12/2019,7 Beilfuss Pass,£80.93
df0a3a5b03dfe04cde0af350e80668641a9b,Madlin Spir,5273107047,1/18/2019,8 Shelley Center,£52.14
df128fdd0f1560401208ddc0170550e9bf17,Cullan Secretan,36300742,5/24/2018,8259 Messerschmidt Way,£42.51
c2af4ca40179404eba0beb20a789a5c0bbbd,Frederic Peterson,684050070,1/13/2019,5 Westend Drive,£23.93
0360632f0fc3004f5c0894b0e191d493802a,Gael Lapwood,596080001,04/09/2018,104 Hallows Pass,£47.92
253ba92c0961a046eb0bfb40e359cc4b1364,Edita Woodwind,1152307160,03/06/2018,8187 Stang Lane,£12.37
8f737eed0712e046a20a4f10cc63b57d03c8,Fabian Flaunier,521830259,3/28/2018,8 Declaration Plaza,£11.12
48bcd0d20a61e046e00bad80ddedd3dabff7,Rene Crutch,412500964,2/22/2019,51 Stephen Court,£95.73
c834c9eb0723f04f22087390618bed34241f,Anet Abrahamowitcz,434190803,8/22/2018,4 Village Green Crossing,£17.74
da7a8bbc03f9604c1f0ab6f04aec84c88780,Janene McDonogh,370000284,8/16/2018,731 Eagle Crest Junction,£36.23
a4e332ec0ca7e045b40a2320dac533174e52,Cammy Perch,26801233,9/19/2018,8 Hanson Hill,£45.44
66f941fc03658048270a3640f579765b9083,Garth Noteyoung,5515406643,02/03/2019,88 Sunnyside Hill,£93.77
b79076f20cae404eeb090f10ae2a7eb2f2a2,Trumann Gooke,7403271,03/06/2018,34755 Grover Park,£27.08
7eb5b5370ef9e0434f0b0960326797fe63c0,Gilburt Wane,497810120,2/13/2019,981 Rieder Plaza,£14.08
6f96be810d52604f2b0b0350330a34b9d8a5,Emmy Ladon,633230665,10/04/2018,1648 Novick Lane,£69.97
a9de05900b42b042f40a8c308ce478f9d01f,Stearn Hamber,521250813,03/02/2019,7 Nobel Terrace,£96.24
9a3a0d8b04db0047e80a7ee09b7b0c5695af,Noach Jikovsky,216950701,4/18/2018,2366 Manufacturers Hill,£61.22
bf0c50560b9b3042f80ac220c9d48bd9c4a7,Catlaina Itzcovichch,78109126,9/24/2018,5 Manitowish Hill,£49.35
2e1e55ef045f6047fa08fad0cae8f03ced26,Cordy Ivshin,617150077,09/09/2018,1 Ilene Junction,£79.21
cca93bb5040d904b190a33c07212865c00b6,Christin Gawith,100190634,11/10/2018,570 Bunker Hill Avenue,£31.38
1807963007121044860971b075c25b8468a3,Aleda Bruineman,552920811,01/02/2019,6 Mesta Hill,£75.67
08cb6c0a0fd6c0479509b0a08f3e38e7bca8,Erhart Nellen,78105379,5/15/2018,4 Sachs Terrace,£55.63
4d3584bd0e53c0426d08e09050a6ed6c8a20,Barbara0anne Ure,9305269,06/06/2018,85 Garrison Alley,£89.14
ff2fa2f909eb804b6f0a6f9002de1eab7adf,Edwina Caroll,5795501800,10/01/2018,63 Jackson Trail,£44.58
6ef2d42a09e5a04f7109a7b094ad748210c4,Rebecka Bard,553190292,1/15/2019,85 Sugar Alley,£20.92
e012ff0201cf504df10a2a00f4204c48d9b9,Timmie Bradtke,521250783,10/01/2018,86 Macpherson Point,£27.73
16da188206f85042e9090b608c9bf029829e,Merrile Cribbins,6362902982,6/30/2018,3 Schurz Crossing,£83.36
c6cd6bd905c050463609b3607f2b27989533,Simona Dadge,504580300,12/14/2018,02 Bellgrove Court,£66.04
7fc8d4c9062ee0460708f0b0f0736cb988c8,Bari Perrelle,6362904975,02/06/2019,6 Menomonie Terrace,£81.48
8980be8b06e7f04ae5094df09f14b78fa4d6,Douglas Boyson,17800797,06/12/2018,81974 Shopko Alley,£79.46
a8472b470541f044a00a3ba098ceb455171f,Fleming Fleischer,5752000129,02/03/2019,1 Scoville Terrace,£10.54
5f7f96fb0d292044660a3420b8e9e8c808bf,Shurwood Cornilli,5795506321,12/04/2018,8 Dottie Court,£58.39
f2603d120d15204c350a91b0f066a049c402,Burnaby O'Mailey,546220697,5/14/2018,7 Canary Hill,£93.94
a9929dbe071c804bf209c6a08627d58ebefd,Chrissy Eve,525440256,3/17/2018,1 Luster Plaza,£96.96
d21f668209e7304cd1096b5033ea13a72497,Erda MacFayden,6362901501,10/29/2018,28 Granby Avenue,£94.83
81947a2a0233e0475a094f205f81dbc68c1f,Anabella Phillput,526850424,12/22/2018,266 Scoville Way,£39.08
2ca48f4704dc204f4d0b3330d687b232fe6c,Brenna Alleburton,493490070,1/31/2019,43097 Northridge Road,£95.38
eead4e110acf404bb60b3420393a4aa080e7,Niven Phoenix,26806657,07/07/2018,89 Drewry Plaza,£54.26
b6d51e390122d04d3e0a73c0621cfb4cca9f,Vinnie Yegoshin,217490506,01/10/2019,680 Westend Avenue,£97.49
782387ed0be9b04e180919504b4c230f7477,Merrielle Pinsent,551430012,8/26/2018,5 Magdeline Court,£17.59
4ccf7dc20e82e04762098350592fe7e17cfb,Clint Grafton0Herbert,6825803009,11/10/2018,5585 Manufacturers Pass,£20.69
89d9efd90bef2042010918108f31e990deee,Ashlee Birks,36304009,01/02/2019,03350 Hauk Junction,£98.32
e8d9bd0f05bb904cd50b4950a20a8aa8a457,Frederigo Dudman,592280102,5/26/2018,89 Doe Crossing Hill,£57.42
196c756701358046620831208f5aa352b12e,Elspeth McAvinchey,543050840,04/05/2018,13 Kennedy Parkway,£87.08
beba6a9e037c004b95088430665f05055129,Oswell Bullivent,211300414,4/28/2018,5640 Morrow Road,£12.60
998f346b051da043060a9290213baa50b461,Noelyn Collete,57300161,2/25/2019,365 Hermina Terrace,£57.52
93ec0796060ad04fcc0b7d102be8d0f7953d,Allx Salvin,3698701637,3/13/2018,436 Cordelia Center,£82.49
347167b70dce404e480adbc04e0f343cb80f,Aubrey Balcon,585930600,8/21/2018,30 Holmberg Pass,£32.93
9c0c54e405f220479f0919f08c1352aa2fad,Dill Reck,5795505015,12/19/2018,89659 Fieldstone Street,£87.09
c4373fd407aae04894085ee097df226c6483,Shaine Dettmar,16901834,02/02/2019,242 Pine View Pass,£90.66
b150e0ff078f504d0108f63014b2f3336aa5,Balduin Allaway,105440025,6/21/2018,2203 Gina Court,£39.91
64bf3ea003bcb0458f0b6a006122c87050d4,Marybelle Tovey,135370451,8/26/2018,3910 Old Shore Trail,£44.83
e0493f5001f4e04d650b5d105436413930ef,Frederik Kezourec,78107137,09/01/2018,5499 Bunting Parkway,£45.90
af373a9701198045420abd400e9dbb2f8bbb,Pip Mellem,412500140,2/25/2019,4 Graedel Road,£67.28
5d01441a0511504dda082f3020cec0d68d73,Brander Farndale,490350580,10/12/2018,87810 Dottie Terrace,£93.13
10affc850bab104cd8092ea06870bd2fd28e,Berne Haythorne,6472500595,6/18/2018,32707 Dunning Parkway,£93.00
05f6420602ffc04b7508c0702ffd1c884cf3,Gerti Stuckes,4928800845,1/16/2019,983 Lawn Hill,£28.60
77deea2e0d7600435f0a3d40f62673482497,Elyse de Clerq,900280,11/05/2018,60 Kedzie Junction,£39.94
3d1e1a9a064f304d9108af00efe7f4bc4183,Mattie Lote,4345500005,03/05/2018,31591 Anthes Circle,£12.23
f4ee1c5e0b1e80471b092340b7f6386ff405,Kelci Salvage,633230280,4/18/2018,25783 Cordelia Crossing,£57.35
831b6b86002c4042b308d9b049097e3967d6,Kimberlyn Leake,281050150,2/21/2019,990 Forest Dale Street,£20.75
d718a7240db5c04b9809c6e02d28eeb1fb05,Derek Glabach,5141703341,11/08/2018,09 Lunder Hill,£37.39
494b8a2f0cc71042540be4306cc746dc4eb2,Kathe Pfiffer,6158903812,09/05/2018,8 Dunning Junction,£84.75
4a6763620275b0486808cd10709c03f2e6eb,Briant Hehl,680840268,7/19/2018,49 Sloan Park,£85.41
ecec357901d0b046b6097d3052a94a1a587d,Englebert Strivens,607600128,03/08/2018,24 Pearson Hill,£43.76
977eee35076380401a09f360dec67438803a,Herminia Bonwell,6051206695,01/10/2019,83 Sunfield Avenue,£88.13
fbc01c0000fe204860086e703d325c1477f4,Galven Dowda,504520221,7/29/2018,3140 Waxwing Circle,£86.46
f699fbec0723a044e1080240b11abfd0d623,Bibbie Dewan,497380236,10/10/2018,2 Summerview Hill,£78.94
4189cbaf0061804b200a4530557310f62cdc,Heidie Mil,5486806288,1/20/2019,4 Pennsylvania Drive,£72.17
9a7b26bf02e1704bce0876b0c5b5c9463fbb,Angel Basson,353560999,8/13/2018,08 Oriole Alley,£45.29
35c3e4140bd90042c50ae830624a191ce23b,Buck Aiskrigg,1182200944,10/19/2018,94326 Bay Pass,£82.89
60db7eef04cab04826083d30e12c7a28ea97,Eirena Bleazard,644550063,02/09/2019,511 Dunning Lane,£44.80
1303ad4d095dc0402c08dcc0c649bad663c7,Jackqueline Harbidge,442370005,07/02/2018,860 Vidon Terrace,£55.50
56eca0bf0c94f04a7e0b80e0423b0679cd09,Hedwiga Dummigan,78103178,12/19/2018,92 Charing Cross Pass,£11.96
480d7fc807ce904a2c0b516081845420622d,Dayna Collcutt,211300148,10/22/2018,2 High Crossing Road,£20.24
d63f971200e5c04de60b6ab00b6c81e0fe0b,Thia Abercromby,759630126,5/19/2018,9649 Rieder Point,£64.37
8021f77706ff7045f909afa015ae7537fba6,Breanne Wolpert,433530787,6/14/2018,05611 Fallview Point,£76.16
1c7271fb032d604d320a42805f22b90ab56d,Garnette Bysaker,411630182,10/14/2018,71539 Spaight Place,£76.43
d6e3dd3f048e304b460be9e06b060a2b5204,Avrom Laughrey,5811801115,1/23/2019,66 Columbus Alley,£18.87
9670d0530d37904e26097650a32e635c130d,Amelie Kruschev,51700720,2/16/2019,6924 Waxwing Road,£42.93
6555569b0d50a040740844b03fa11db885cf,Carlina Minithorpe,604095,07/10/2018,0554 Old Gate Lane,£87.86
1863f7b90d234042610a94e0f49556755eba,Lissy Whipple,425070065,12/16/2018,7 Grover Park,£70.59
e56037820658a047030a2e10a9ca7896356a,Ado Devennie,493480030,6/27/2018,0 Anzinger Park,£41.85
fa4ba8650129b04f630a59d00299ef00e6e9,Florina Silberschatz,433530546,8/21/2018,968 Hoard Plaza,£96.79
204f08400688704a8b0aaef0dd90862f4d1c,Cathleen Yarnton,170890076,09/10/2018,68 Continental Point,£27.91
9de3d11e007cb0497009a610934f82a55fc6,Jody Mundle,493490619,11/22/2018,82760 Dottie Lane,£32.79
2efcec4f02c430461408193009f3a566d67f,Josefina Salatino,572430159,12/10/2018,7 Kenwood Court,£17.28
5b40ad4503758042970a35d033f636b19653,Karon Oxenham,5011401072,12/03/2018,19366 Westport Pass,£74.03
12dea3dc06730044250baa0087caea570712,Agatha Trippick,5752000964,5/16/2018,371 Nelson Parkway,£70.17
b95c811a0ee1604130090eb0b8842f7fc28e,Lonee Attenbrow,497380558,09/11/2018,6215 Northview Junction,£42.38
ab432bfe09cca046280a1770dc22e5a5df32,Viki Aarons,368000444,12/01/2018,85 Meadow Vale Road,£80.57
05ecf83a06f8604cdd0ae440dda1b8692203,Creigh Reynalds,3698701600,02/03/2019,90185 Nobel Hill,£18.00
ac02e1a404ec2046330976a0ebe9bdc18517,Georgena Buye,435980341,2/15/2019,45 Namekagon Trail,£76.52
447b1bc503b5c048ca09c4d09d7547cdaccc,Ara Stonhard,5456902931,9/27/2018,23620 Continental Alley,£17.07
1c9f41d30fb8b041e508fa60cd30e4189377,Maia Ivanaev,544730224,12/14/2018,2480 Sachtjen Avenue,£70.25
e220d9e9008ea041080834c0ec374989e884,Bibbie Lynnitt,5795508020,9/23/2018,71 Golf Pass,£70.62
2ee456f407bfc0463909dfa04b31aacf2214,Meris Ducarel,638240332,9/19/2018,42388 Dovetail Road,£13.34
a744d8a50e39c045da095370b96b6fbb5101,Kenn Bresman,106310330,7/30/2018,4163 Utah Park,£75.46
2ab061f00a55f049900996009fc17c4565e5,Cirillo Rolston,533290939,11/17/2018,23 Grover Junction,£72.85
08687e700994e04ba4094690bb0b0d1eea35,Wald Mayell,553160664,02/08/2019,415 Orin Court,£75.63
8e38eb1900b6c04f380895604de177f34eba,Jacquette Blanchette,378080929,1/23/2019,3320 Kingsford Point,£41.87
de1f6d150e0f604e250928d0afbb2f16d418,Vina Chiene,370000705,7/25/2018,3 Melvin Alley,£87.40
be7ce9b10fcf00421709fe406b1551feed68,Cobbie Cotterel,631870085,6/25/2018,96182 Dapin Center,£13.51
f2f52fb90891d04b2109b530b24787f2aa0b,Milli Abbs,6136002002,8/15/2018,1340 Acker Street,£81.95
09bfabba02874045720bafa014c201c02c0c,Tiffy La Croce,658620044,05/02/2018,4355 Eastwood Terrace,£92.54
5bbc9d1e048a004a72098030860ac3beeb54,Isadora Jacklings,165900091,8/25/2018,8 Cottonwood Road,£66.82
3cd0095d091680479b08ccb0c3e134be0a2a,Aubrey Swaffer,6878807365,12/05/2018,4911 Gerald Place,£75.89
45e5c22c02c7904aa308f5607f954f2e6845,Tarra Tadd,520830641,1/14/2019,57 Meadow Ridge Hill,£93.89
7fc58e69043ce04c5c09035015e01f6e1b94,Brant Cowerd,3698702545,2/16/2019,28040 Evergreen Court,£64.62
d4275e020d8fd04ab20b48e04f27d83d63ee,Marysa Bande,514440001,1/29/2019,3 Lake View Road,£63.13
8111dee904f1d04a380b8d9029fddb9abff8,Sauveur Amies,9305507,7/31/2018,94 Morning Junction,£85.63
5f2f5ff00c38004e350aa410b0c3a2767f33,Steffie Traut,521250580,8/26/2018,88022 Larry Road,£87.41
3cc969d40251104b380b9a70565471065af8,Case Perrone,669750416,2/20/2019,7618 Vernon Circle,£10.53
2e76f01c0a93c042100bbcf012d42c1221bb,Beret Heijnen,1014700911,2/23/2019,037 Forest Run Alley,£79.77
74a544c50fed7043a70a37e0900e30f39de5,Binni Purrington,6274204035,02/03/2019,230 Debs Road,£18.27
01a3c1e70c116047a20978f03ca07efa10dc,Wilma Troke,680160300,12/21/2018,6 Chive Parkway,£14.13
7a518759094040496d0b1cc0eb53d69c1470,Jamaal Drees,669930887,05/02/2018,66 Surrey Road,£88.03
9cab93e70479304bdb087280dce1f95427aa,Shellie Day,510790246,10/29/2018,92 Delladonna Trail,£25.19
ed5b264700c1904f760b0610be3bc4eb5ca0,Hill Garey,1785600380,4/24/2018,202 Warrior Way,£34.52
b3d166c408c5d041bf0809a0d88bdb656495,Linet Hildred,596760563,06/08/2018,61566 Becker Alley,£53.05
afadfed405fff042180b56801be99c6f4b2b,Delmar Westraw,445230338,12/16/2018,4342 Dexter Plaza,£13.75
7536a3050d18504ad60b78209bcb23514f15,Bogart Drinnan,458020053,08/01/2018,820 Algoma Park,£57.91
4790191107de604a130bc520df23a83a9462,Giorgi Cluelow,429610008,10/05/2018,130 Havey Junction,£55.43
42ccc564082d2049c80b7580c69aec070d31,Rosita Morin,6825808001,11/21/2018,568 Dorton Drive,£41.44
1f426e7808c9904c810a12d0a98e7057bb12,Corrie Marre,547760002,2/14/2019,25927 Lerdahl Circle,£98.65
5f3c15c001ed50423e0bf810c087fc111d48,June Pomfrey,4895108007,11/09/2018,8484 Heffernan Plaza,£59.81
02f5678903357040ee08d060b2fc35586c87,Edithe Campe,3698703374,01/07/2019,1 Algoma Circle,£74.29
d05d5eb70cba8048920a8510b34713a0fc38,Nikki Ziemen,1152301314,5/28/2018,34 Blackbird Pass,£23.52
bedee88b04d8d04a24086f60626ae87da2bf,Letisha Hetterich,6194100122,11/18/2018,24542 East Terrace,£11.22
17a646af091920499e0951104a124faf77ab,Daisy Leggen,666890023,06/02/2018,0 Warbler Terrace,£28.31
43209b07094f304f0a0acf10bb2dcbed13cb,Dinny Domenget,639610200,5/19/2018,47 Buell Crossing,£16.17
79dc03af0191004bc90bb740728c9fe7657f,Farlie Reuble,9305214,3/26/2018,574 Mitchell Crossing,£92.53
3e4d238c014cd04bca087ad0e551ad3c027f,Augustine Spottiswood,4895106024,12/31/2018,79 Cody Hill,£70.40
c357a4580527004f290a8f301c68db0703c2,Kory Vala,658410664,07/11/2018,5076 Stuart Road,£58.57
4fdb52400697f04353099d90231ac5c490a1,Aurelie Cary,59103635,1/20/2019,4913 Harper Street,£87.65
6e474b9406938040180b46b0b6fa435292e8,Shaine Stathers,683820003,09/12/2018,60802 East Parkway,£12.80
502dfd3e04e4e042d80b355075e95232f098,Candida Gozzard,3698702801,2/28/2019,48 Stone Corner Center,£81.54
10d74f850178504d5c0a2050a0a3c943dde7,Sibylle Christer,171560605,7/14/2018,810 Fuller Road,£63.02
09b3ca4e0ecc904b7a08f0a082c9d90a1239,Arlee Ech,583310030,06/06/2018,74 Park Meadow Lane,£46.25
bedc0cee01950043500a7f404212e47223cf,Rowney Redding,5515406986,08/06/2018,3943 Scofield Circle,£83.67
0891e1fd0dca3048a1088c404f33fe28dc86,Ingunna Babber,518110065,6/25/2018,5571 Lakewood Hill,£62.25
a20586ba00a2904ab6083010ab03b2e7dbae,Susannah Redmayne,3698702380,11/20/2018,2 Lakewood Gardens Way,£48.23
32e685830f1f604fb20ac940a189d789cea5,Isak Lomis,684280145,2/28/2019,530 Farmco Drive,£11.53
53d690160273f045aa08718054602f1f0667,Benson Triebner,5307670,12/31/2018,18 Hoard Pass,£86.32
f3b108bc08f13042080b76f048b3c0b5deca,Eyde Cracie,231550060,8/24/2018,19 Goodland Pass,£65.32
50ffceeb0681804ff00bae703891cfa22025,Harli Gilburt,6034403001,3/18/2018,99718 Paget Street,£54.51
7deec22b0c73f046620892f0d91fd6240e3a,Jessa Webben,445670711,03/12/2018,264 Arrowood Court,£38.73
27c5f742009e004e180a6390c34789a45641,Cornelius Dowse,272930025,2/26/2019,53 Huxley Hill,£41.29
81d820290c4cc045bf0b8330af8ad08cb3f7,Rosalind Pietruszka,420230140,06/04/2018,78862 Schmedeman Road,£19.22
c2752b9505f4704a74081350f98f18540d38,Englebert Garrett,759810069,04/10/2018,14578 Jenna Junction,£17.62
fecdf37b0640504f380931f0e914ce0c3e72,Kaitlin MacCardle,551110718,11/07/2018,24611 Wayridge Park,£93.28
b20ebe150b7ce047e50a5bb05102c9a86d20,Sibella O'Heffernan,981320669,1/31/2019,0877 Prairie Rose Point,£71.38
bac8bc630fd6e0496e09a4e06fd9018e0952,Berte Roelvink,5592600024,2/14/2019,83 School Junction,£68.90
244ea1560fcd504a850a8a20beab4eca6eda,Colver Bremmell,216950348,04/01/2018,22 Delladonna Pass,£76.95
2a5b2fbb075360404f0a028008dede314e18,Nadiya Wrightson,433530815,02/02/2019,03831 Becker Terrace,£11.70
ab1cfbc50a1fa04a9e0aa3e06f81c9a20dff,Tally Uttridge,415200352,05/05/2018,018 Southridge Center,£11.24
29f98cec0ca1e04fcd0817a0502e59d94d80,Bartolomeo McKelvey,5043607056,5/21/2018,58 Utah Pass,£25.58
c8149d1f0410b04d15091000cc60c36e5d77,Joelie Fendlow,512850942,01/05/2019,9648 Debra Point,£83.91
963dc13506e5e047140ab1d0bd08890146b2,Rosalinde Biswell,557000014,10/18/2018,639 Kedzie Parkway,£72.35
69640fde0831304a1309d6d0f051b123ec8b,Cad Marvelley,60301536,2/13/2019,09 Doe Crossing Point,£61.40
4924834e0a05e04e5909578011f79214c20d,Kissiah Shier,4385700160,6/20/2018,42 Jenifer Park,£36.22
842575db03e9d04b850bb640056316c7e024,Rollins Bacup,493490161,4/25/2018,0998 Thackeray Drive,£24.01
b147c04400ba10464208a3a01681258528a5,Alaine Castanyer,5486804514,10/02/2018,3363 Orin Junction,£55.34
0a2b6b980bc15047dd09d940fbed7a07b419,Bruno Kynsey,490350650,4/19/2018,07 Mcguire Park,£18.10
0b09978f0b7d004364092fd05f3f802a4c16,Lotty Cattel,6677401001,01/10/2019,536 Maple Wood Plaza,£74.25
b34373dd05c8704ec608cab06401bc55ba13,Nicky Greenrde,6878809223,12/12/2018,663 Hansons Place,£19.24
176194b60c0db04c7508b1d0c1701c5421da,Dorthea Boler,661290028,9/29/2018,33838 Florence Place,£46.65
978b54a70883c049ae0ab4d0f54842a72c63,Leonid Densell,6051206467,02/01/2019,121 Ridge Oak Terrace,£89.32
eb9fc17e0f22a044160ba930801d5edaa595,Clemmie Crinage,638680202,03/03/2019,2 Village Park,£79.62
39fc903001acd0426a0818a0eb96756df5e9,Juliann Kolinsky,6504404083,6/24/2018,4 Commercial Alley,£84.74
e1e1354d0cae4042bd0b9e2055a813e20d15,Lucien Blenkiron,5752000128,1/15/2019,905 Maple Wood Street,£65.98
969f9e4508ca90414f0914905378b87ce9a6,Michael Sanchis,5486806355,11/06/2018,65702 Veith Circle,£64.99
c9da3d110e436041040979b041bed483d4db,Chere Winsor,114100128,03/05/2018,76417 Sullivan Lane,£15.77
165f8be80ba02042520843c0e2995196cb7d,Winfield Tamsett,6657900008,6/15/2018,11 Esker Point,£50.85
464526a003189042f8086d0060931e931573,Victor Ridges,659230699,09/05/2018,32825 Cambridge Street,£15.17
36d74a8c020b0041920a16404b023aeeb506,Arlyne Winship,135370055,05/03/2018,003 Farmco Drive,£34.58
085fa6270e101045b30bdcc0fdc72088b3a5,Hervey Dionsetti,6109600014,9/19/2018,0 Continental Trail,£68.00
b11f91e400911043b00b6530a300662845cc,Nathanael Yeats,3698701750,01/05/2019,46222 Forster Alley,£92.20
a05a66280fc70041d2085b80905628efbc32,Orly Pomery,103450024,10/30/2018,8081 Sunbrook Junction,£92.42
ebf0571f0868d04f020a1c8037853f13be30,Ciro Lagde,5400438,08/01/2018,74070 Dorton Junction,£27.96
37ea448809cac04b61094b2024d69ac130a7,Adolphus Villiers,3698701003,10/15/2018,0 Eggendart Center,£23.05
aa3fcad6011b8043060859404f315de1b252,Cyb Widdop,1152307170,6/18/2018,7 Toban Court,£67.00
aa98df3a0ece5040bc0b1cc094bfe50a419e,Jeanine Piscot,7647201130,9/19/2018,19012 Lyons Lane,£35.83
d514e1bc06f9a043af08d2b035ccddf9ec2b,Blinni Palffrey,762140037,2/17/2019,1 Corben Avenue,£42.69
5c3311260526304a590b5a10b0b222d81e97,Gusti Willford,370000852,08/10/2018,3680 Raven Circle,£16.21
0562a38007bd704b910ae6b0e84b8345045a,Yorgos Grant,5486804074,3/14/2018,3925 Tennyson Crossing,£70.06
4a1ed7f008fa0040a509c6f0a97911fe0fe8,Thomasa Mein,59700034,09/06/2018,97747 Cordelia Pass,£49.20
9c038e7709cf0042130ad230000e548cdb84,Rebeca Beavington,597790222,11/09/2018,22 Ronald Regan Street,£55.38
204648620530a0447e09bc60914cb6b881b1,Arlene May,6362904708,8/18/2018,74638 Talisman Street,£84.15
aed0889a0567a04b4a0857d001f6ad461338,Brockie Stockow,5515402428,04/04/2018,43424 Stone Corner Terrace,£62.43
af758a64047fd044d70acc801013a738be79,Kimberlyn Valenti,9302049,04/08/2018,73 2nd Terrace,£77.84
cfb5263802e64044a8085af049ed77889d29,Glenine Brownell,6504403117,4/24/2018,29 Fordem Street,£74.69
f792fd3a02fd304c630ae950eab95e710af1,Pearline Sawbridge,651620545,11/01/2018,28 Talmadge Parkway,£21.23
9e3a8ec6096bf040260b9e800a6890648ced,Biddy Shucksmith,498840122,10/14/2018,20906 Anzinger Pass,£46.81
9320855d0bb70045a80a7560ed499b10556a,Greg Cohane,612960001,06/06/2018,9090 Gale Street,£34.14
af20bdfe0435e04dda09d230ff6a548adfe7,Ede Tyzack,525330056,3/13/2018,5828 Bluestem Crossing,£62.43
